Date,Close Price,Open Price,High Price,Low Price,Total Traded Quantity
"Oct 24, 2019","1,780.78","1,770.78","1,787.97","1,760.78",5.20M
"Oct 23, 2019","1,762.17","1,761.30","1,770.05","1,742.00",2.19M
"Oct 22, 2019","1,765.73","1,788.15","1,789.78","1,762.00",2.23M
"Oct 21, 2019","1,785.66","1,769.66","1,785.88","1,765.00",2.22M
"Oct 18, 2019","1,757.51","1,787.80","1,793.98","1,749.20",3.37M
"Oct 17, 2019","1,787.48","1,796.49","1,798.85","1,782.02",2.71M
"Oct 16, 2019","1,777.43","1,773.33","1,786.24","1,770.52",2.80M
"Oct 15, 2019","1,767.38","1,742.14","1,776.45","1,740.62",3.13M
"Oct 14, 2019","1,736.43","1,728.91","1,741.89","1,722.00",1.93M
"Oct 11, 2019","1,731.92","1,742.92","1,745.45","1,729.86",3.28M
"Oct 10, 2019","1,720.26","1,725.24","1,738.29","1,713.75",2.72M
"Oct 09, 2019","1,721.99","1,719.61","1,729.95","1,714.36",2.09M
"Oct 08, 2019","1,705.51","1,722.49","1,727.00","1,705.00",2.63M
"Oct 07, 2019","1,732.66","1,731.63","1,747.83","1,723.70",2.19M
"Oct 04, 2019","1,739.65","1,726.02","1,740.58","1,719.23",2.49M
"Oct 03, 2019","1,724.42","1,713.00","1,725.00","1,685.06",3.62M
"Oct 02, 2019","1,713.23","1,727.74","1,728.89","1,705.00",3.34M
"Oct 01, 2019","1,735.65","1,746.00","1,755.60","1,728.41",3.17M
"Sep 30, 2019","1,735.91","1,726.99","1,737.46","1,709.22",2.76M
"Sep 27, 2019","1,725.45","1,748.00","1,749.12","1,713.82",3.95M
"Sep 26, 2019","1,739.84","1,762.79","1,763.37","1,731.50",3.57M
"Sep 25, 2019","1,768.33","1,747.36","1,773.00","1,723.00",3.53M
"Sep 24, 2019","1,741.61","1,790.61","1,795.70","1,735.55",4.64M
"Sep 23, 2019","1,785.30","1,777.00","1,792.70","1,767.32",3.14M
"Sep 20, 2019","1,794.16","1,821.71","1,830.63","1,780.92",5.56M
"Sep 19, 2019","1,821.50","1,821.02","1,832.57","1,817.90",2.08M
"Sep 18, 2019","1,817.46","1,817.04","1,822.06","1,795.50",2.54M
"Sep 17, 2019","1,822.55","1,807.08","1,823.99","1,804.10",2.03M
"Sep 16, 2019","1,807.84","1,824.02","1,825.69","1,800.20",3.68M
"Sep 13, 2019","1,839.34","1,842.01","1,846.12","1,835.17",1.97M
"Sep 12, 2019","1,843.55","1,837.63","1,853.66","1,834.28",2.82M
"Sep 11, 2019","1,822.99","1,812.14","1,833.42","1,809.08",2.43M
"Sep 10, 2019","1,820.55","1,822.75","1,825.81","1,805.34",2.61M
"Sep 09, 2019","1,831.35","1,841.00","1,850.00","1,824.61",3.00M
"Sep 06, 2019","1,833.51","1,838.22","1,840.65","1,826.40",2.50M
"Sep 05, 2019","1,840.72","1,821.95","1,842.00","1,815.58",3.33M
"Sep 04, 2019","1,800.62","1,805.00","1,807.63","1,796.23",2.33M
"Sep 03, 2019","1,789.84","1,770.00","1,800.80","1,768.00",3.55M
"Aug 30, 2019","1,776.29","1,797.49","1,799.74","1,764.57",3.06M
"Aug 29, 2019","1,786.40","1,783.00","1,798.55","1,777.25",3.02M
"Aug 28, 2019","1,764.25","1,755.00","1,767.86","1,744.05",2.42M
"Aug 27, 2019","1,761.83","1,775.73","1,779.40","1,746.68",3.03M
"Aug 26, 2019","1,768.87","1,766.91","1,770.00","1,743.51",3.09M
"Aug 23, 2019","1,749.62","1,793.03","1,804.90","1,745.23",5.28M
"Aug 22, 2019","1,805.60","1,828.00","1,829.41","1,800.10",2.66M
"Aug 21, 2019","1,823.54","1,819.39","1,829.58","1,815.00",2.04M
"Aug 20, 2019","1,801.38","1,814.50","1,816.82","1,799.88",1.93M
"Aug 19, 2019","1,816.12","1,818.08","1,826.00","1,812.61",2.82M
"Aug 16, 2019","1,792.57","1,792.89","1,802.91","1,784.55",3.05M
"Aug 15, 2019","1,776.12","1,781.99","1,788.00","1,761.96",3.81M
"Aug 14, 2019","1,762.96","1,793.01","1,795.65","1,757.21",4.89M
"Aug 13, 2019","1,824.34","1,783.00","1,831.74","1,780.00",4.08M
"Aug 12, 2019","1,784.92","1,795.99","1,800.98","1,777.00",2.91M
"Aug 09, 2019","1,807.58","1,828.95","1,831.09","1,802.22",2.88M
"Aug 08, 2019","1,832.89","1,806.00","1,834.26","1,798.11",3.70M
"Aug 07, 2019","1,793.40","1,773.99","1,798.93","1,757.00",4.53M
"Aug 06, 2019","1,787.83","1,792.23","1,793.77","1,753.40",5.07M
"Aug 05, 2019","1,765.13","1,770.22","1,788.67","1,748.78",6.06M
"Aug 02, 2019","1,823.24","1,845.07","1,846.36","1,808.02",4.96M
"Aug 01, 2019","1,855.32","1,871.72","1,897.92","1,844.01",4.71M
"Jul 31, 2019","1,866.78","1,898.11","1,899.55","1,849.44",4.47M
"Jul 30, 2019","1,898.53","1,891.12","1,909.89","1,883.48",2.91M
"Jul 29, 2019","1,912.45","1,930.00","1,932.23","1,890.54",4.49M
"Jul 26, 2019","1,943.05","1,942.00","1,950.89","1,924.51",4.93M
"Jul 25, 2019","1,973.82","2,001.00","2,001.20","1,972.72",4.14M
"Jul 24, 2019","2,000.81","1,969.30","2,001.30","1,965.87",2.63M
"Jul 23, 2019","1,994.49","1,995.99","1,997.79","1,973.13",2.70M
"Jul 22, 2019","1,985.63","1,971.14","1,989.00","1,958.26",2.91M
"Jul 19, 2019","1,964.52","1,991.21","1,996.00","1,962.23",3.19M
"Jul 18, 2019","1,977.90","1,980.01","1,987.50","1,951.55",3.50M
"Jul 17, 2019","1,992.03","2,007.05","2,012.00","1,992.03",2.56M
"Jul 16, 2019","2,009.90","2,010.58","2,026.32","2,001.22",2.62M
"Jul 15, 2019","2,020.99","2,021.40","2,022.90","2,001.55",2.98M
"Jul 12, 2019","2,011.00","2,008.27","2,017.00","2,003.87",2.51M
"Jul 11, 2019","2,001.07","2,025.62","2,035.80","1,995.30",4.32M
"Jul 10, 2019","2,017.41","1,996.51","2,024.94","1,995.40",4.93M
"Jul 09, 2019","1,988.30","1,947.80","1,990.01","1,943.47",4.35M
"Jul 08, 2019","1,952.32","1,934.12","1,956.00","1,928.25",2.88M
"Jul 05, 2019","1,942.91","1,928.60","1,945.90","1,925.30",2.63M
"Jul 03, 2019","1,939.00","1,935.89","1,941.59","1,930.50",1.69M
"Jul 02, 2019","1,934.31","1,919.38","1,934.79","1,906.63",2.65M
"Jul 01, 2019","1,922.19","1,922.98","1,929.82","1,914.66",3.20M
"Jun 28, 2019","1,893.63","1,909.10","1,912.94","1,884.00",3.04M
"Jun 27, 2019","1,904.28","1,902.00","1,911.24","1,898.04",2.14M
"Jun 26, 2019","1,897.83","1,892.48","1,903.80","1,887.32",2.44M
"Jun 25, 2019","1,878.27","1,911.84","1,916.38","1,872.42",3.01M
"Jun 24, 2019","1,913.90","1,912.66","1,916.86","1,901.30",2.28M
"Jun 21, 2019","1,911.30","1,916.10","1,925.95","1,907.58",3.93M
"Jun 20, 2019","1,918.19","1,933.33","1,935.20","1,905.80",3.22M
"Jun 19, 2019","1,908.79","1,907.84","1,919.58","1,892.47",2.90M
"Jun 18, 2019","1,901.37","1,901.35","1,921.67","1,899.79",3.90M
"Jun 17, 2019","1,886.03","1,876.50","1,895.69","1,875.45",2.63M
"Jun 14, 2019","1,869.67","1,864.00","1,876.00","1,859.00",2.85M
"Jun 13, 2019","1,870.30","1,866.72","1,883.09","1,862.22",2.80M
"Jun 12, 2019","1,855.32","1,853.98","1,865.00","1,844.38",2.68M
"Jun 11, 2019","1,863.70","1,883.25","1,893.70","1,858.00",4.04M
"Jun 10, 2019","1,860.63","1,822.00","1,884.87","1,818.00",5.37M
"Jun 07, 2019","1,804.03","1,763.70","1,806.25","1,759.49",4.81M
"Jun 06, 2019","1,754.36","1,737.71","1,760.00","1,726.13",3.69M
"Jun 05, 2019","1,738.50","1,749.60","1,752.00","1,715.25",4.24M
"Jun 04, 2019","1,729.56","1,699.24","1,730.82","1,680.89",5.68M
"Jun 03, 2019","1,692.69","1,760.01","1,766.29","1,672.00",9.10M
"May 31, 2019","1,775.07","1,790.01","1,795.59","1,772.70",4.62M
"May 30, 2019","1,816.32","1,825.49","1,829.47","1,807.83",3.15M
"May 29, 2019","1,819.19","1,823.12","1,830.00","1,807.53",4.28M
"May 28, 2019","1,836.43","1,832.75","1,849.27","1,827.35",3.20M
"May 24, 2019","1,823.28","1,835.89","1,841.76","1,817.85",3.37M
"May 23, 2019","1,815.48","1,836.59","1,844.00","1,804.20",4.42M
"May 22, 2019","1,859.68","1,851.78","1,871.48","1,851.00",2.94M
"May 21, 2019","1,857.52","1,874.79","1,879.00","1,846.00",4.01M
"May 20, 2019","1,858.97","1,852.69","1,867.78","1,835.54",3.80M
"May 17, 2019","1,869.00","1,893.05","1,910.53","1,867.33",4.74M
"May 16, 2019","1,907.57","1,885.94","1,917.51","1,882.29",4.71M
"May 15, 2019","1,871.15","1,827.95","1,874.43","1,823.00",4.69M
"May 14, 2019","1,840.12","1,839.50","1,852.44","1,815.75",4.63M
"May 13, 2019","1,822.68","1,836.56","1,846.54","1,818.00",5.78M
"May 10, 2019","1,889.98","1,898.00","1,903.79","1,856.00",5.72M
"May 09, 2019","1,899.87","1,900.00","1,909.40","1,876.00",5.31M
"May 08, 2019","1,917.77","1,918.87","1,935.37","1,910.00",4.08M
"May 07, 2019","1,921.00","1,939.99","1,949.10","1,903.38",5.90M
"May 06, 2019","1,950.55","1,917.98","1,959.00","1,910.50",5.42M
"May 03, 2019","1,962.46","1,949.00","1,964.40","1,936.00",6.38M
"May 02, 2019","1,900.82","1,913.33","1,921.55","1,881.87",3.96M
"May 01, 2019","1,911.52","1,933.09","1,943.64","1,910.55",3.12M
"Apr 30, 2019","1,926.52","1,930.10","1,935.71","1,906.95",3.51M
"Apr 29, 2019","1,938.43","1,949.00","1,956.34","1,934.09",4.02M
"Apr 26, 2019","1,950.63","1,929.00","1,951.00","1,898.00",8.43M
"Apr 25, 2019","1,902.25","1,917.00","1,922.45","1,900.31",6.10M
"Apr 24, 2019","1,901.75","1,925.00","1,929.69","1,898.16",3.68M
"Apr 23, 2019","1,923.77","1,891.20","1,929.26","1,889.58",4.64M
"Apr 22, 2019","1,887.31","1,855.40","1,888.42","1,845.64",3.37M
"Apr 18, 2019","1,861.69","1,868.79","1,870.82","1,859.48",2.75M
"Apr 17, 2019","1,864.82","1,872.99","1,876.47","1,860.44",2.89M
"Apr 16, 2019","1,863.04","1,851.35","1,869.77","1,848.00",3.04M
"Apr 15, 2019","1,844.87","1,842.00","1,846.85","1,818.90",3.72M
"Apr 12, 2019","1,843.06","1,848.40","1,851.50","1,841.30",3.11M
"Apr 11, 2019","1,844.07","1,848.70","1,849.95","1,840.31",2.65M
"Apr 10, 2019","1,847.33","1,841.00","1,848.00","1,828.81",2.96M
"Apr 09, 2019","1,835.84","1,845.49","1,853.09","1,831.78",3.71M
"Apr 08, 2019","1,849.86","1,833.23","1,850.20","1,825.11",3.75M
"Apr 05, 2019","1,837.28","1,829.00","1,838.58","1,825.19",3.64M
"Apr 04, 2019","1,818.86","1,820.65","1,828.75","1,804.20",3.62M
"Apr 03, 2019","1,820.70","1,826.72","1,830.00","1,809.62",3.98M
"Apr 02, 2019","1,813.98","1,811.02","1,820.00","1,805.12",3.45M
"Apr 01, 2019","1,814.19","1,800.11","1,815.67","1,798.73",4.24M
"Mar 29, 2019","1,780.75","1,786.58","1,792.86","1,776.63",3.32M
"Mar 28, 2019","1,773.42","1,770.00","1,777.93","1,753.47",3.04M
"Mar 27, 2019","1,765.70","1,784.13","1,787.50","1,745.68",4.32M
"Mar 26, 2019","1,783.76","1,793.00","1,805.77","1,773.36",4.87M
"Mar 25, 2019","1,774.26","1,757.79","1,782.68","1,747.50",5.10M
"Mar 22, 2019","1,764.77","1,810.17","1,818.98","1,763.11",6.36M
"Mar 21, 2019","1,819.26","1,796.26","1,823.75","1,787.28",5.77M
"Mar 20, 2019","1,797.27","1,769.94","1,799.50","1,767.03",6.27M
"Mar 19, 2019","1,761.85","1,753.51","1,784.16","1,753.51",6.36M
"Mar 18, 2019","1,742.15","1,712.70","1,750.00","1,712.63",5.43M
"Mar 15, 2019","1,712.36","1,703.00","1,718.80","1,693.13",7.55M
"Mar 14, 2019","1,686.22","1,691.20","1,702.00","1,684.34",2.95M
"Mar 13, 2019","1,690.81","1,683.00","1,700.00","1,679.35",3.55M
"Mar 12, 2019","1,673.10","1,669.00","1,684.27","1,660.98",3.61M
"Mar 11, 2019","1,670.62","1,626.12","1,672.29","1,626.01",3.88M
"Mar 08, 2019","1,620.80","1,604.01","1,622.72","1,586.57",4.67M
"Mar 07, 2019","1,625.95","1,667.37","1,669.75","1,620.51",4.96M
"Mar 06, 2019","1,668.95","1,695.97","1,697.75","1,668.28",4.00M
"Mar 05, 2019","1,692.43","1,702.95","1,707.80","1,689.01",3.68M
"Mar 04, 2019","1,696.17","1,685.00","1,709.43","1,674.36",6.17M
"Mar 01, 2019","1,671.73","1,655.13","1,674.26","1,651.00",4.97M
"Feb 28, 2019","1,639.83","1,635.25","1,651.77","1,633.83",3.03M
"Feb 27, 2019","1,641.09","1,628.18","1,641.81","1,615.10",3.15M
"Feb 26, 2019","1,636.40","1,625.98","1,639.99","1,616.13",2.67M
"Feb 25, 2019","1,633.00","1,641.45","1,654.60","1,630.39",3.18M
"Feb 22, 2019","1,631.56","1,623.50","1,634.94","1,621.17",3.10M
"Feb 21, 2019","1,619.44","1,619.85","1,623.56","1,600.91",3.48M
"Feb 20, 2019","1,622.10","1,630.00","1,634.93","1,610.12",3.34M
"Feb 19, 2019","1,627.58","1,601.00","1,634.00","1,600.56",3.68M
"Feb 15, 2019","1,607.95","1,627.86","1,628.91","1,604.50",4.34M
"Feb 14, 2019","1,622.65","1,624.50","1,637.90","1,606.06",4.12M
"Feb 13, 2019","1,640.00","1,647.00","1,656.38","1,637.11",3.56M
"Feb 12, 2019","1,638.01","1,604.00","1,639.39","1,598.88",4.86M
"Feb 11, 2019","1,591.00","1,600.98","1,609.29","1,586.00",3.32M
"Feb 08, 2019","1,588.22","1,586.00","1,588.59","1,566.76",5.66M
"Feb 07, 2019","1,614.37","1,625.00","1,625.54","1,592.91",4.63M
"Feb 06, 2019","1,640.26","1,670.75","1,672.26","1,633.34",3.94M
"Feb 05, 2019","1,658.81","1,643.34","1,665.26","1,642.50",4.45M
"Feb 04, 2019","1,633.31","1,623.00","1,649.63","1,613.50",4.93M
"Feb 01, 2019","1,626.23","1,638.88","1,673.06","1,622.01",11.51M
"Jan 31, 2019","1,718.73","1,692.85","1,736.41","1,679.08",10.91M
"Jan 30, 2019","1,670.43","1,623.00","1,676.95","1,619.68",5.78M
"Jan 29, 2019","1,593.88","1,631.27","1,632.38","1,590.72",4.63M
"Jan 28, 2019","1,637.89","1,643.59","1,645.00","1,614.09",4.84M
"Jan 25, 2019","1,670.57","1,670.50","1,683.48","1,661.61",4.96M
"Jan 24, 2019","1,654.93","1,641.07","1,657.26","1,631.78",4.09M
"Jan 23, 2019","1,640.02","1,656.00","1,657.43","1,612.00",5.23M
"Jan 22, 2019","1,632.17","1,681.00","1,681.87","1,610.20",6.42M
"Jan 18, 2019","1,696.20","1,712.00","1,716.20","1,691.54",6.02M
"Jan 17, 2019","1,693.22","1,680.00","1,700.17","1,677.50",4.21M
"Jan 16, 2019","1,683.78","1,684.22","1,705.00","1,675.88",6.37M
"Jan 15, 2019","1,674.56","1,632.00","1,675.16","1,626.01",6.00M
"Jan 14, 2019","1,617.21","1,615.00","1,648.20","1,595.15",6.01M
"Jan 11, 2019","1,640.56","1,640.55","1,660.29","1,636.22",4.69M
"Jan 10, 2019","1,656.22","1,641.01","1,663.25","1,621.62",6.51M
"Jan 09, 2019","1,659.42","1,652.98","1,667.80","1,641.40",6.35M
"Jan 08, 2019","1,656.58","1,664.69","1,676.61","1,616.61",8.88M
"Jan 07, 2019","1,629.51","1,602.31","1,634.56","1,589.18",7.99M
"Jan 04, 2019","1,575.39","1,530.00","1,594.00","1,518.31",9.18M
"Jan 03, 2019","1,500.28","1,520.01","1,538.00","1,497.11",6.98M
"Jan 02, 2019","1,539.13","1,465.20","1,553.36","1,460.93",7.98M
"Dec 31, 2018","1,501.97","1,510.80","1,520.76","1,487.00",6.95M
"Dec 28, 2018","1,478.02","1,473.35","1,513.47","1,449.00",8.83M
"Dec 27, 2018","1,461.64","1,454.20","1,469.00","1,390.31",9.72M
"Dec 26, 2018","1,470.90","1,368.89","1,473.16","1,363.01",10.41M
"Dec 24, 2018","1,343.96","1,346.00","1,396.03","1,307.00",7.22M
"Dec 21, 2018","1,377.45","1,464.99","1,480.00","1,363.96",13.64M
"Dec 20, 2018","1,460.83","1,484.00","1,509.50","1,432.69",9.99M
"Dec 19, 2018","1,495.08","1,543.05","1,584.53","1,483.18",8.79M
"Dec 18, 2018","1,551.48","1,540.00","1,567.55","1,523.01",6.52M
"Dec 17, 2018","1,520.91","1,566.00","1,576.13","1,505.01",8.83M
"Dec 14, 2018","1,591.91","1,638.00","1,642.57","1,585.00",6.37M
"Dec 13, 2018","1,658.38","1,680.00","1,692.12","1,641.50",5.27M
"Dec 12, 2018","1,663.54","1,669.00","1,704.99","1,660.27",6.60M
"Dec 11, 2018","1,643.24","1,678.00","1,679.47","1,619.60",6.24M
"Dec 10, 2018","1,641.03","1,623.84","1,657.99","1,590.87",7.49M
"Dec 07, 2018","1,629.13","1,705.07","1,718.93","1,625.46",7.58M
"Dec 06, 2018","1,699.19","1,614.87","1,701.05","1,609.85",8.79M
"Dec 04, 2018","1,668.40","1,756.00","1,770.34","1,665.00",8.69M
"Dec 03, 2018","1,772.36","1,769.46","1,778.34","1,730.00",6.86M
"Nov 30, 2018","1,690.17","1,679.50","1,696.00","1,666.50",5.76M
"Nov 29, 2018","1,673.57","1,674.99","1,689.99","1,652.33",6.61M
"Nov 28, 2018","1,677.75","1,613.92","1,681.45","1,601.21",8.46M
"Nov 27, 2018","1,581.42","1,575.99","1,597.65","1,558.01",5.78M
"Nov 26, 2018","1,581.33","1,539.00","1,584.81","1,524.22",6.26M
"Nov 23, 2018","1,502.06","1,517.00","1,536.20","1,501.81",2.71M
"Nov 21, 2018","1,516.73","1,542.99","1,550.00","1,515.00",5.72M
"Nov 20, 2018","1,495.46","1,437.50","1,534.75","1,420.00",10.88M
"Nov 19, 2018","1,512.29","1,577.01","1,581.19","1,503.36",7.79M
"Nov 16, 2018","1,593.41","1,587.50","1,614.48","1,573.12",6.07M
"Nov 15, 2018","1,619.44","1,581.01","1,624.82","1,546.51",8.43M
"Nov 14, 2018","1,599.01","1,656.32","1,673.00","1,597.07",6.49M
"Nov 13, 2018","1,631.17","1,649.29","1,677.06","1,613.75",5.93M
"Nov 12, 2018","1,636.85","1,698.24","1,708.55","1,630.01",6.81M
"Nov 09, 2018","1,712.43","1,732.50","1,743.92","1,701.87",5.90M
"Nov 08, 2018","1,754.91","1,755.00","1,784.00","1,725.11",6.53M
"Nov 07, 2018","1,755.49","1,673.00","1,759.23","1,664.08",8.19M
"Nov 06, 2018","1,642.81","1,618.35","1,665.00","1,614.55",4.26M
"Nov 05, 2018","1,627.80","1,657.57","1,658.09","1,596.36",5.62M
"Nov 02, 2018","1,665.53","1,678.59","1,697.44","1,651.83",6.96M
"Nov 01, 2018","1,665.53","1,623.53","1,670.45","1,598.44",8.14M
"Oct 31, 2018","1,598.01","1,569.99","1,623.91","1,565.09",9.39M
"Oct 30, 2018","1,530.42","1,486.16","1,540.99","1,476.36",12.46M
"Oct 29, 2018","1,538.88","1,660.00","1,665.74","1,495.00",13.87M
"Oct 26, 2018","1,642.81","1,649.59","1,698.46","1,603.00",14.96M
"Oct 25, 2018","1,782.17","1,703.34","1,794.81","1,692.01",10.29M
"Oct 24, 2018","1,664.20","1,773.70","1,777.71","1,656.56",6.93M
"Oct 23, 2018","1,768.70","1,742.24","1,776.34","1,714.00",6.72M
"Oct 22, 2018","1,789.30","1,784.00","1,809.50","1,756.00",4.50M
"Oct 19, 2018","1,764.03","1,785.16","1,809.10","1,753.00",5.91M
"Oct 18, 2018","1,770.72","1,821.49","1,830.15","1,767.87",5.87M
"Oct 17, 2018","1,831.73","1,842.79","1,845.00","1,807.00",5.30M
"Oct 16, 2018","1,819.96","1,783.50","1,823.88","1,761.55",5.86M
"Oct 15, 2018","1,760.95","1,795.00","1,795.05","1,734.23",6.44M
"Oct 12, 2018","1,788.61","1,808.00","1,808.95","1,742.53",9.44M
"Oct 11, 2018","1,719.36","1,724.00","1,755.40","1,685.10",13.94M
"Oct 10, 2018","1,755.25","1,857.89","1,858.56","1,754.41",10.99M
"Oct 09, 2018","1,870.32","1,859.99","1,896.68","1,852.32",4.77M
"Oct 08, 2018","1,864.42","1,874.00","1,902.00","1,830.66",7.39M
"Oct 05, 2018","1,889.65","1,917.99","1,929.08","1,862.83",6.82M
"Oct 04, 2018","1,909.42","1,949.00","1,956.00","1,896.57",7.26M
"Oct 03, 2018","1,952.76","1,981.70","1,989.70","1,949.81",5.25M
"Oct 02, 2018","1,971.31","1,999.99","2,013.39","1,965.77",5.40M
"Oct 01, 2018","2,004.36","2,021.99","2,033.19","2,003.60",3.47M
"Sep 28, 2018","2,003.00","2,004.41","2,026.52","1,996.46",4.09M
"Sep 27, 2018","2,012.98","1,993.24","2,016.16","1,988.58",4.33M
"Sep 26, 2018","1,974.85","1,968.50","1,995.25","1,961.52",4.31M
"Sep 25, 2018","1,974.55","1,942.90","1,975.91","1,938.85",4.54M
"Sep 24, 2018","1,934.36","1,903.79","1,936.88","1,865.00",4.21M
"Sep 21, 2018","1,915.01","1,954.22","1,957.31","1,910.50",6.86M
"Sep 20, 2018","1,944.30","1,938.58","1,955.00","1,932.25",3.15M
"Sep 19, 2018","1,926.42","1,940.50","1,940.83","1,904.90",4.06M
"Sep 18, 2018","1,941.05","1,918.65","1,958.20","1,915.44",4.27M
"Sep 17, 2018","1,908.03","1,954.73","1,956.82","1,887.41",7.05M
"Sep 14, 2018","1,970.19","1,992.93","1,993.65","1,959.22",3.64M
"Sep 13, 2018","1,989.87","2,000.00","2,008.76","1,982.03",3.62M
"Sep 12, 2018","1,990.00","1,994.00","2,000.00","1,962.44",4.41M
"Sep 11, 2018","1,987.15","1,928.27","1,988.88","1,917.00",5.03M
"Sep 10, 2018","1,939.01","1,971.00","1,973.04","1,931.52",4.54M
"Sep 07, 2018","1,952.07","1,938.71","1,975.20","1,937.35",4.89M
"Sep 06, 2018","1,958.31","2,006.51","2,007.50","1,935.21",7.49M
"Sep 05, 2018","1,994.82","2,038.11","2,040.38","1,989.89",8.22M
"Sep 04, 2018","2,039.51","2,026.50","2,050.50","2,013.00",5.72M
"Aug 31, 2018","2,012.71","2,007.00","2,022.38","2,004.74",4.20M
"Aug 30, 2018","2,002.38","1,997.42","2,025.57","1,986.90",7.28M
"Aug 29, 2018","1,998.10","1,953.45","1,998.69","1,948.94",6.53M
"Aug 28, 2018","1,932.82","1,937.73","1,941.78","1,928.82",3.10M
"Aug 27, 2018","1,927.68","1,915.00","1,927.70","1,909.28",3.57M
"Aug 24, 2018","1,905.39","1,910.51","1,916.01","1,902.54",2.80M
"Aug 23, 2018","1,902.90","1,907.17","1,919.50","1,900.76",3.56M
"Aug 22, 2018","1,904.90","1,876.64","1,905.80","1,876.64",3.08M
"Aug 21, 2018","1,883.42","1,880.00","1,897.75","1,874.40",3.11M
"Aug 20, 2018","1,876.71","1,890.57","1,891.75","1,866.06",2.86M
"Aug 17, 2018","1,882.22","1,885.80","1,888.00","1,855.55",4.10M
"Aug 16, 2018","1,886.52","1,903.94","1,905.00","1,883.55",3.96M
"Aug 15, 2018","1,882.62","1,909.55","1,916.21","1,869.79",7.70M
"Aug 14, 2018","1,919.65","1,919.39","1,921.01","1,900.00",3.99M
"Aug 13, 2018","1,896.20","1,898.50","1,925.00","1,893.67",5.53M
"Aug 10, 2018","1,886.30","1,888.51","1,899.50","1,878.21",3.64M
"Aug 09, 2018","1,898.52","1,882.00","1,914.57","1,877.48",4.86M
"Aug 08, 2018","1,886.52","1,861.00","1,891.51","1,854.50",3.96M
"Aug 07, 2018","1,862.48","1,854.53","1,869.72","1,846.27",3.38M
"Aug 06, 2018","1,847.75","1,825.81","1,847.77","1,818.92",3.39M
"Aug 03, 2018","1,823.29","1,837.74","1,841.00","1,821.50",3.46M
"Aug 02, 2018","1,834.33","1,788.77","1,836.56","1,786.00",4.35M
"Aug 01, 2018","1,797.17","1,784.00","1,798.44","1,776.02",4.15M
"Jul 31, 2018","1,777.44","1,786.49","1,801.83","1,739.32",5.74M
"Jul 30, 2018","1,779.22","1,827.33","1,829.50","1,766.02",6.56M
"Jul 27, 2018","1,817.27","1,876.05","1,880.05","1,806.53",9.68M
"Jul 26, 2018","1,808.00","1,839.00","1,844.68","1,804.50",9.92M
"Jul 25, 2018","1,863.61","1,829.30","1,863.84","1,822.64",3.84M
"Jul 24, 2018","1,829.24","1,829.01","1,840.00","1,809.38",4.28M
"Jul 23, 2018","1,802.00","1,812.21","1,819.00","1,769.99",3.89M
"Jul 20, 2018","1,813.70","1,825.01","1,834.84","1,810.06",3.89M
"Jul 19, 2018","1,812.97","1,829.46","1,841.00","1,811.27",4.68M
"Jul 18, 2018","1,842.92","1,848.00","1,858.88","1,831.27",4.86M
"Jul 17, 2018","1,843.93","1,811.56","1,851.69","1,797.38",5.68M
"Jul 16, 2018","1,822.49","1,821.95","1,841.95","1,814.45",5.47M
"Jul 13, 2018","1,813.03","1,803.93","1,815.30","1,795.22",4.39M
"Jul 12, 2018","1,796.62","1,764.51","1,798.00","1,762.18",4.53M
"Jul 11, 2018","1,755.00","1,737.99","1,756.96","1,734.00",3.21M
"Jul 10, 2018","1,743.07","1,738.53","1,750.00","1,731.00",3.00M
"Jul 09, 2018","1,739.02","1,724.05","1,739.56","1,716.23",3.01M
"Jul 06, 2018","1,710.63","1,696.00","1,715.27","1,691.67",2.65M
"Jul 05, 2018","1,699.73","1,705.38","1,710.69","1,682.15",2.98M
"Jul 03, 2018","1,693.96","1,723.96","1,725.00","1,692.48",2.18M
"Jul 02, 2018","1,713.78","1,682.70","1,713.89","1,678.06",3.19M
"Jun 29, 2018","1,699.80","1,717.00","1,723.41","1,694.32",4.54M
"Jun 28, 2018","1,701.45","1,672.54","1,705.50","1,661.17",4.53M
"Jun 27, 2018","1,660.51","1,708.11","1,711.95","1,660.00",4.87M
"Jun 26, 2018","1,691.09","1,672.37","1,701.57","1,663.34",4.39M
"Jun 25, 2018","1,663.15","1,702.51","1,705.00","1,646.31",7.51M
"Jun 22, 2018","1,715.67","1,742.62","1,743.00","1,711.90",4.08M
"Jun 21, 2018","1,730.22","1,760.00","1,763.10","1,717.56",4.94M
"Jun 20, 2018","1,750.08","1,742.50","1,762.93","1,741.36",4.33M
"Jun 19, 2018","1,734.78","1,709.04","1,736.11","1,700.39",4.29M
"Jun 18, 2018","1,723.79","1,706.26","1,726.74","1,702.56",3.11M
"Jun 15, 2018","1,715.97","1,714.00","1,720.87","1,708.52",4.78M
"Jun 14, 2018","1,723.86","1,713.48","1,724.80","1,708.87",3.17M
"Jun 13, 2018","1,704.86","1,702.81","1,713.75","1,700.12",3.33M
"Jun 12, 2018","1,698.75","1,693.00","1,699.51","1,691.52",2.26M
"Jun 11, 2018","1,689.12","1,681.51","1,694.24","1,680.59",2.34M
"Jun 08, 2018","1,683.99","1,681.12","1,689.44","1,673.01",2.96M
"Jun 07, 2018","1,689.30","1,698.56","1,699.90","1,676.11",3.77M
"Jun 06, 2018","1,695.75","1,704.51","1,714.50","1,686.47",5.47M
"Jun 05, 2018","1,696.35","1,672.99","1,699.00","1,670.06",4.78M
"Jun 04, 2018","1,665.27","1,648.90","1,665.68","1,645.49",3.19M
"Jun 01, 2018","1,641.54","1,637.03","1,646.73","1,635.09",3.31M
"May 31, 2018","1,629.62","1,623.00","1,635.00","1,621.35",3.17M
"May 30, 2018","1,624.89","1,618.10","1,626.00","1,612.93",2.91M
"May 29, 2018","1,612.87","1,600.71","1,621.79","1,600.15",3.85M
"May 25, 2018","1,610.15","1,603.00","1,614.12","1,600.45",2.70M
"May 24, 2018","1,603.07","1,598.03","1,608.24","1,588.38",3.43M
"May 23, 2018","1,601.86","1,571.05","1,601.86","1,566.34",3.36M
"May 22, 2018","1,581.40","1,589.89","1,589.89","1,575.25",2.12M
"May 21, 2018","1,585.46","1,585.00","1,592.05","1,575.00",2.93M
"May 18, 2018","1,574.37","1,581.33","1,583.59","1,572.10",2.64M
"May 17, 2018","1,581.76","1,580.56","1,594.04","1,573.00",2.15M
"May 16, 2018","1,587.28","1,577.50","1,594.43","1,576.67",2.57M
"May 15, 2018","1,576.12","1,587.81","1,587.80","1,565.22",5.08M
"May 14, 2018","1,601.54","1,604.00","1,611.18","1,600.05",2.51M
"May 11, 2018","1,602.91","1,610.99","1,611.10","1,597.89",2.26M
"May 10, 2018","1,609.08","1,608.47","1,615.60","1,603.44",2.82M
"May 09, 2018","1,608.00","1,600.00","1,608.00","1,592.00",3.64M
"May 08, 2018","1,592.39","1,595.00","1,596.88","1,582.51",3.07M
"May 07, 2018","1,600.14","1,589.34","1,606.95","1,587.83",3.80M
"May 04, 2018","1,580.95","1,562.45","1,584.90","1,562.19",3.44M
"May 03, 2018","1,572.08","1,560.01","1,574.80","1,546.02",4.25M
"May 02, 2018","1,569.68","1,580.98","1,588.50","1,566.36",4.36M
"May 01, 2018","1,582.26","1,563.22","1,585.00","1,552.18",4.57M
"Apr 30, 2018","1,566.13","1,582.50","1,596.00","1,560.94",5.46M
"Apr 27, 2018","1,572.62","1,634.01","1,638.10","1,567.39",13.05M
"Apr 26, 2018","1,517.96","1,485.01","1,529.42","1,478.50",8.80M
"Apr 25, 2018","1,460.17","1,458.00","1,469.99","1,415.02",6.59M
"Apr 24, 2018","1,460.09","1,535.80","1,539.50","1,448.45",7.49M
"Apr 23, 2018","1,517.86","1,546.69","1,548.00","1,503.41",4.47M
"Apr 20, 2018","1,527.49","1,561.20","1,561.20","1,516.09",5.54M
"Apr 19, 2018","1,556.91","1,543.22","1,568.52","1,539.06",6.52M
"Apr 18, 2018","1,527.84","1,514.65","1,533.80","1,504.11",5.23M
"Apr 17, 2018","1,503.83","1,462.30","1,507.19","1,457.02",5.11M
"Apr 16, 2018","1,441.50","1,445.00","1,447.00","1,427.48",2.81M
"Apr 13, 2018","1,430.79","1,449.13","1,459.78","1,424.52",3.69M
"Apr 12, 2018","1,448.50","1,439.50","1,452.12","1,435.06",3.14M
"Apr 11, 2018","1,427.05","1,439.44","1,448.78","1,424.89",3.58M
"Apr 10, 2018","1,436.22","1,431.99","1,438.38","1,415.70",4.28M
"Apr 09, 2018","1,406.08","1,425.03","1,438.48","1,402.57",4.21M
"Apr 06, 2018","1,405.23","1,429.97","1,452.50","1,400.26",5.88M
"Apr 05, 2018","1,451.75","1,441.99","1,459.56","1,427.07",6.41M
"Apr 04, 2018","1,410.57","1,358.24","1,415.39","1,352.88",6.98M
"Apr 03, 2018","1,392.05","1,391.38","1,414.00","1,355.33",10.23M
"Apr 02, 2018","1,371.99","1,417.62","1,421.36","1,355.00",10.46M
"Mar 29, 2018","1,447.34","1,406.00","1,455.47","1,365.20",12.58M
"Mar 28, 2018","1,431.42","1,447.00","1,455.90","1,386.17",13.71M
"Mar 27, 2018","1,497.05","1,572.40","1,575.96","1,482.32",7.00M
"Mar 26, 2018","1,555.86","1,530.00","1,556.99","1,499.25",5.62M
"Mar 23, 2018","1,495.56","1,539.01","1,549.02","1,495.36",8.01M
"Mar 22, 2018","1,544.92","1,565.47","1,573.85","1,542.40",6.32M
"Mar 21, 2018","1,581.86","1,586.45","1,590.00","1,563.17",4.75M
"Mar 20, 2018","1,586.51","1,550.34","1,587.00","1,545.41",4.58M
"Mar 19, 2018","1,544.93","1,554.53","1,561.66","1,525.35",6.58M
"Mar 16, 2018","1,571.68","1,583.45","1,589.44","1,567.50",5.43M
"Mar 15, 2018","1,582.32","1,595.00","1,596.91","1,578.11",4.07M
"Mar 14, 2018","1,591.00","1,597.00","1,606.44","1,590.89",4.26M
"Mar 13, 2018","1,588.18","1,615.96","1,617.54","1,578.01",6.53M
"Mar 12, 2018","1,598.39","1,592.60","1,605.33","1,586.70",5.17M
"Mar 09, 2018","1,578.89","1,563.50","1,578.94","1,559.08",4.53M
"Mar 08, 2018","1,551.86","1,550.00","1,554.88","1,545.25",3.86M
"Mar 07, 2018","1,545.00","1,526.52","1,545.90","1,522.51",4.17M
"Mar 06, 2018","1,537.64","1,533.20","1,542.13","1,528.00",4.56M
"Mar 05, 2018","1,523.61","1,494.24","1,525.38","1,481.00",5.23M
"Mar 02, 2018","1,500.25","1,469.10","1,501.05","1,455.01",6.59M
"Mar 01, 2018","1,493.45","1,513.60","1,518.49","1,465.00",6.84M
"Feb 28, 2018","1,512.45","1,519.51","1,528.70","1,512.00",4.52M
"Feb 27, 2018","1,511.98","1,524.50","1,526.78","1,507.21",4.81M
"Feb 26, 2018","1,521.95","1,509.20","1,522.84","1,507.00",4.95M
"Feb 23, 2018","1,500.00","1,495.34","1,500.00","1,486.50",4.42M
"Feb 22, 2018","1,485.34","1,495.36","1,502.54","1,475.76",4.86M
"Feb 21, 2018","1,482.92","1,485.00","1,503.49","1,478.92",6.30M
"Feb 20, 2018","1,468.35","1,446.49","1,488.77","1,446.49",6.50M
"Feb 16, 2018","1,448.69","1,457.37","1,465.80","1,446.56",4.47M
"Feb 15, 2018","1,461.76","1,466.89","1,468.94","1,436.84",5.65M
"Feb 14, 2018","1,451.05","1,406.25","1,452.06","1,403.36",5.96M
"Feb 13, 2018","1,414.51","1,385.93","1,419.72","1,383.53",5.92M
"Feb 12, 2018","1,386.23","1,364.67","1,393.81","1,344.01",6.74M
"Feb 09, 2018","1,339.60","1,373.49","1,383.50","1,265.93",14.14M
"Feb 08, 2018","1,350.50","1,429.67","1,433.75","1,349.94",8.58M
"Feb 07, 2018","1,416.78","1,449.00","1,460.99","1,415.15",7.16M
"Feb 06, 2018","1,442.84","1,361.46","1,443.99","1,351.79",11.07M
"Feb 05, 2018","1,390.00","1,402.62","1,458.98","1,320.72",11.49M
"Feb 02, 2018","1,429.95","1,477.39","1,498.00","1,414.00",11.13M
"Feb 01, 2018","1,390.00","1,445.00","1,459.88","1,385.14",9.11M
"Jan 31, 2018","1,450.89","1,451.30","1,472.58","1,450.04",6.42M
"Jan 30, 2018","1,437.82","1,403.17","1,439.25","1,392.00",5.87M
"Jan 29, 2018","1,417.68","1,409.18","1,431.39","1,400.44",5.70M
"Jan 26, 2018","1,402.05","1,392.01","1,402.53","1,380.91",4.86M
"Jan 25, 2018","1,377.95","1,368.00","1,378.34","1,357.62",4.75M
"Jan 24, 2018","1,357.51","1,374.82","1,388.16","1,338.00",6.81M
"Jan 23, 2018","1,362.54","1,338.09","1,364.90","1,337.34",5.17M
"Jan 22, 2018","1,327.31","1,297.17","1,327.45","1,296.66",4.14M
"Jan 19, 2018","1,294.58","1,312.00","1,313.00","1,292.99",4.58M
"Jan 18, 2018","1,293.32","1,293.95","1,304.60","1,284.02",4.03M
"Jan 17, 2018","1,295.00","1,312.24","1,314.00","1,280.88",5.25M
"Jan 16, 2018","1,304.86","1,323.00","1,339.94","1,292.30",7.22M
"Jan 12, 2018","1,305.20","1,273.39","1,305.76","1,273.39",5.44M
"Jan 11, 2018","1,276.68","1,259.74","1,276.77","1,256.46",3.13M
"Jan 10, 2018","1,254.33","1,245.15","1,254.33","1,237.23",2.69M
"Jan 09, 2018","1,252.70","1,256.90","1,259.33","1,241.76",3.66M
"Jan 08, 2018","1,246.87","1,236.00","1,253.08","1,232.03",4.28M
"Jan 05, 2018","1,229.14","1,217.51","1,229.14","1,210.00",3.54M
"Jan 04, 2018","1,209.59","1,205.00","1,215.87","1,204.66",3.02M
"Jan 03, 2018","1,204.20","1,188.30","1,205.49","1,188.30",3.11M
"Jan 02, 2018","1,189.01","1,172.00","1,190.00","1,170.51",2.69M
"Dec 29, 2017","1,169.47","1,182.35","1,184.00","1,167.50",2.69M
"Dec 28, 2017","1,186.10","1,189.00","1,190.10","1,184.38",1.84M
"Dec 27, 2017","1,182.26","1,179.91","1,187.29","1,175.61",1.87M
"Dec 26, 2017","1,176.76","1,168.36","1,178.32","1,160.55",2.01M
"Dec 22, 2017","1,168.36","1,172.08","1,174.62","1,167.83",1.59M
"Dec 21, 2017","1,174.76","1,175.90","1,179.17","1,167.64",2.12M
"Dec 20, 2017","1,177.62","1,190.50","1,191.00","1,176.00",2.37M
"Dec 19, 2017","1,187.38","1,189.15","1,192.97","1,179.14",2.59M
"Dec 18, 2017","1,190.58","1,187.37","1,194.78","1,180.91",2.95M
"Dec 15, 2017","1,179.14","1,179.03","1,182.75","1,169.33",4.78M
"Dec 14, 2017","1,174.26","1,163.71","1,177.93","1,162.45",3.21M
"Dec 13, 2017","1,164.13","1,170.00","1,170.87","1,160.27",2.62M
"Dec 12, 2017","1,165.08","1,166.51","1,173.60","1,161.61",2.24M
"Dec 11, 2017","1,168.92","1,164.60","1,169.90","1,157.00",2.36M
"Dec 08, 2017","1,162.00","1,170.40","1,172.79","1,157.10",3.05M
"Dec 07, 2017","1,159.79","1,156.59","1,163.19","1,151.00",2.51M
"Dec 06, 2017","1,152.35","1,137.99","1,155.89","1,136.08",2.85M
"Dec 05, 2017","1,141.57","1,128.26","1,159.27","1,124.74",4.08M
"Dec 04, 2017","1,133.95","1,173.85","1,175.20","1,128.00",5.93M
"Dec 01, 2017","1,162.35","1,172.05","1,179.65","1,152.00",4.11M
"Nov 30, 2017","1,176.75","1,167.10","1,178.57","1,160.00",4.51M
"Nov 29, 2017","1,161.27","1,194.80","1,194.80","1,145.19",9.26M
"Nov 28, 2017","1,193.60","1,204.88","1,205.34","1,188.52",4.56M
"Nov 27, 2017","1,195.83","1,202.66","1,213.41","1,191.15",6.74M
"Nov 24, 2017","1,186.00","1,160.70","1,186.84","1,160.70",3.53M
"Nov 22, 2017","1,156.16","1,141.00","1,160.27","1,141.00",3.56M
"Nov 21, 2017","1,139.49","1,132.86","1,140.00","1,128.20",2.48M
"Nov 20, 2017","1,126.31","1,129.77","1,133.42","1,122.55",2.16M
"Nov 17, 2017","1,129.88","1,138.28","1,138.80","1,125.81",2.41M
"Nov 16, 2017","1,137.29","1,130.16","1,138.16","1,130.05",2.21M
"Nov 15, 2017","1,126.69","1,127.01","1,131.75","1,121.63",3.93M
"Nov 14, 2017","1,136.84","1,130.11","1,138.00","1,123.89",3.14M
"Nov 13, 2017","1,129.17","1,123.00","1,139.90","1,122.34",2.92M
"Nov 10, 2017","1,125.35","1,126.10","1,131.75","1,124.06",2.18M
"Nov 09, 2017","1,129.13","1,125.96","1,129.62","1,115.77",3.73M
"Nov 08, 2017","1,132.88","1,122.82","1,135.54","1,119.11",2.58M
"Nov 07, 2017","1,123.17","1,124.74","1,130.60","1,117.50",2.69M
"Nov 06, 2017","1,120.66","1,109.15","1,125.41","1,108.77",3.38M
"Nov 03, 2017","1,111.60","1,091.15","1,112.68","1,088.52",3.75M
"Nov 02, 2017","1,094.22","1,097.81","1,101.93","1,086.87",3.68M
"Nov 01, 2017","1,103.68","1,105.40","1,108.97","1,096.74",3.76M
"Oct 31, 2017","1,105.28","1,109.00","1,110.54","1,101.12",3.48M
"Oct 30, 2017","1,110.85","1,095.01","1,122.79","1,093.56",6.61M
"Oct 27, 2017","1,100.95","1,058.14","1,105.58","1,050.55",16.57M
"Oct 26, 2017",972.43,980.33,982.90,968.55,5.62M
"Oct 25, 2017",972.91,978.00,984.44,966.24,3.03M
