Unnamed: 0,Date,Close Price,Open Price,High Price,Low Price,Total Traded Quantity,TTQ,Month,Year,PxV,Day_Perc_Change,Trend,Rolling_14,ubollinger,dbollinger
0,2019-10-24,1780.78,1770.78,1787.97,1760.78,5.20M,5200000,10,2019,9260056000.0,0.0,No Change,,,
1,2019-10-23,1762.17,1761.3,1770.05,1742.0,2.19M,2190000,10,2019,3859152300.0,-0.01045047675737587,No Change,,,
2,2019-10-22,1765.73,1788.15,1789.78,1762.0,2.23M,2230000,10,2019,3937577900.0,0.002020236413058818,No Change,,,
3,2019-10-21,1785.66,1769.66,1785.88,1765.0,2.22M,2220000,10,2019,3964165200.0,0.011287116376796023,No Change,,,
4,2019-10-18,1757.51,1787.8,1793.98,1749.2,3.37M,3370000,10,2019,5922808700.0,-0.015764479240168994,No Change,,,
5,2019-10-17,1787.48,1796.49,1798.85,1782.02,2.71M,2710000,10,2019,4844070800.0,0.01705253455172384,No Change,,,
6,2019-10-16,1777.43,1773.33,1786.24,1770.52,2.80M,2800000,10,2019,4976804000.0,-0.0056224405308030745,No Change,,,
7,2019-10-15,1767.38,1742.14,1776.45,1740.62,3.13M,3130000,10,2019,5531899400.0,-0.0056542311089606825,No Change,,,
8,2019-10-14,1736.43,1728.91,1741.89,1722.0,1.93M,1930000,10,2019,3351309900.0,-0.017511797123425654,No Change,,,
9,2019-10-11,1731.92,1742.92,1745.45,1729.86,3.28M,3280000,10,2019,5680697600.0,-0.0025972829310711987,No Change,,,
10,2019-10-10,1720.26,1725.24,1738.29,1713.75,2.72M,2720000,10,2019,4679107200.0,-0.006732412582567404,No Change,,,
11,2019-10-09,1721.99,1719.61,1729.95,1714.36,2.09M,2089999,10,2019,3598957378.01,0.001005661934823765,No Change,,,
12,2019-10-08,1705.51,1722.49,1727.0,1705.0,2.63M,2630000,10,2019,4485491300.0,-0.009570322708029709,No Change,,,
13,2019-10-07,1732.66,1731.63,1747.83,1723.7,2.19M,2190000,10,2019,3794525400.0,0.015918991973075558,No Change,1752.350714285714,2227.1001265300615,1277.6013020413666
14,2019-10-04,1739.65,1726.02,1740.58,1719.23,2.49M,2490000,10,2019,4331728500.0,0.004034259462329493,No Change,1749.412857142857,2224.1622693872046,1274.6634448985096
15,2019-10-03,1724.42,1713.0,1725.0,1685.06,3.62M,3620000,10,2019,6242400400.0,-0.008754634552927354,No Change,1746.7164285714284,2221.465840815776,1271.967016327081
16,2019-10-02,1713.23,1727.74,1728.89,1705.0,3.34M,3340000,10,2019,5722188200.0,-0.006489138376961523,No Change,1742.9664285714284,2217.715840815776,1268.217016327081
17,2019-10-01,1735.65,1746.0,1755.6,1728.41,3.17M,3170000,10,2019,5502010500.0,0.01308639236996778,No Change,1739.3942857142858,2214.1436979586333,1264.6448734699384
18,2019-09-30,1735.91,1726.99,1737.46,1709.22,2.76M,2760000,9,2019,4791111600.0,0.00014979978682339024,No Change,1737.8514285714286,2212.6008408157763,1263.1020163270812
19,2019-09-27,1725.45,1748.0,1749.12,1713.82,3.95M,3950000,9,2019,6815527500.0,-0.006025658012224211,No Change,1733.4207142857144,2208.170126530062,1258.671302041367
20,2019-09-26,1739.84,1762.79,1763.37,1731.5,3.57M,3570000,9,2019,6211228800.0,0.008339853371584159,No Change,1730.7357142857145,2205.485126530062,1255.986302041367
21,2019-09-25,1768.33,1747.36,1773.0,1723.0,3.53M,3530000,9,2019,6242204900.0,0.016375068971859585,No Change,1730.8035714285718,2205.5529836729193,1256.0541591842243
22,2019-09-24,1741.61,1790.61,1795.7,1735.55,4.64M,4640000,9,2019,8081070400.0,-0.01511030181018247,No Change,1731.1735714285717,2205.922983672919,1256.4241591842242
23,2019-09-23,1785.3,1777.0,1792.7,1767.32,3.14M,3140000,9,2019,5605842000.0,0.025085983658798442,No Change,1734.9864285714289,2209.7358408157766,1260.2370163270814
24,2019-09-20,1794.16,1821.71,1830.63,1780.92,5.56M,5560000,9,2019,9975529600.0,0.004962751358315254,No Change,1740.2650000000006,2215.014412244348,1265.515587755653
25,2019-09-19,1821.5,1821.02,1832.57,1817.9,2.08M,2080000,9,2019,3788720000.0,0.015238328800107004,No Change,1747.3728571428576,2222.122269387205,1272.6234448985101
26,2019-09-18,1817.46,1817.04,1822.06,1795.5,2.54M,2540000,9,2019,4616348400.0,-0.0022179522371671427,No Change,1755.3692857142862,2230.1186979586337,1280.6198734699387
27,2019-09-17,1822.55,1807.08,1823.99,1804.1,2.03M,2029999,9,2019,3699774677.45,0.0028006118429015907,No Change,1761.7900000000004,2236.539412244348,1287.040587755653
28,2019-09-16,1807.84,1824.02,1825.69,1800.2,3.68M,3680000,9,2019,6652851200.0,-0.008071109160242562,No Change,1766.6607142857144,2241.410126530062,1291.911302041367
29,2019-09-13,1839.34,1842.01,1846.12,1835.17,1.97M,1970000,9,2019,3623499800.0,0.01742410832817054,No Change,1774.8692857142862,2249.6186979586337,1300.1198734699387
30,2019-09-12,1843.55,1837.63,1853.66,1834.28,2.82M,2820000,9,2019,5198811000.0,0.0022888644839997863,No Change,1784.1778571428574,2258.927269387205,1309.42844489851
31,2019-09-11,1822.99,1812.14,1833.42,1809.08,2.43M,2430000,9,2019,4429865700.0,-0.011152396192129266,No Change,1790.416428571429,2265.1658408157764,1315.6670163270815
32,2019-09-10,1820.55,1822.75,1825.81,1805.34,2.61M,2610000,9,2019,4751635500.0,-0.0013384604413628767,No Change,1796.4621428571431,2271.211555101491,1321.7127306127957
33,2019-09-09,1831.35,1841.0,1850.0,1824.61,3.00M,3000000,9,2019,5494050000.0,0.005932273214138473,No Change,1804.0264285714288,2278.7758408157765,1329.2770163270814
34,2019-09-06,1833.51,1838.22,1840.65,1826.4,2.50M,2500000,9,2019,4583775000.0,0.0011794577770498638,No Change,1810.717142857143,2285.4665551014905,1335.9677306127955
35,2019-09-05,1840.72,1821.95,1842.0,1815.58,3.33M,3330000,9,2019,6129597600.0,0.003932348337342129,No Change,1815.8878571428572,2290.637269387205,1341.1384448985098
36,2019-09-04,1800.62,1805.0,1807.63,1796.23,2.33M,2330000,9,2019,4195444600.0,-0.02178495371376421,No Change,1820.1028571428571,2294.8522693872046,1345.3534448985097
37,2019-09-03,1789.84,1770.0,1800.8,1768.0,3.55M,3550000,9,2019,6353932000.0,-0.00598682675967166,No Change,1820.4271428571428,2295.1765551014905,1345.6777306127954
38,2019-08-30,1776.29,1797.49,1799.74,1764.57,3.06M,3060000,8,2019,5435447400.0,-0.00757050909578505,No Change,1819.1507142857142,2293.9001265300617,1344.4013020413668
39,2019-08-29,1786.4,1783.0,1798.55,1777.25,3.02M,3020000,8,2019,5394928000.0,0.00569163818971008,No Change,1816.6435714285715,2291.392983672919,1341.894159184224
40,2019-08-28,1764.25,1755.0,1767.86,1744.05,2.42M,2420000,8,2019,4269485000.0,-0.012399238692342164,No Change,1812.8428571428574,2287.592269387205,1338.09344489851
41,2019-08-27,1761.83,1775.73,1779.4,1746.68,3.03M,3030000,8,2019,5338344900.0,-0.001371687685985612,No Change,1808.5057142857147,2283.255126530062,1333.7563020413672
42,2019-08-26,1768.87,1766.91,1770.0,1743.51,3.09M,3090000,8,2019,5465808300.0,0.003995845229108452,No Change,1805.7221428571431,2280.4715551014906,1330.9727306127957
43,2019-08-23,1749.62,1793.03,1804.9,1745.23,5.28M,5280000,8,2019,9237993600.0,-0.010882653897686057,No Change,1799.3135714285715,2274.062983672919,1324.564159184224
44,2019-08-22,1805.6,1828.0,1829.41,1800.1,2.66M,2660000,8,2019,4802896000.0,0.03199551902698872,No Change,1796.6028571428574,2271.352269387205,1321.85344489851
45,2019-08-21,1823.54,1819.39,1829.58,1815.0,2.04M,2040000,8,2019,3720021600.0,0.009935755427558757,No Change,1796.642142857143,2271.3915551014907,1321.8927306127955
46,2019-08-20,1801.38,1814.5,1816.82,1799.88,1.93M,1930000,8,2019,3476663400.0,-0.012152187503427279,No Change,1795.2728571428574,2270.022269387205,1320.52344489851
47,2019-08-19,1816.12,1818.08,1826.0,1812.61,2.82M,2820000,8,2019,5121458400.0,0.008182615550300198,No Change,1794.1850000000002,2268.9344122443476,1319.4355877556527
48,2019-08-16,1792.57,1792.89,1802.91,1784.55,3.05M,3050000,8,2019,5467338500.0,-0.01296720481025482,No Change,1791.2607142857146,2266.0101265300623,1316.5113020413671
49,2019-08-15,1776.12,1781.99,1788.0,1761.96,3.81M,3810000,8,2019,6767017200.0,-0.009176768550182124,No Change,1786.6464285714287,2261.3958408157764,1311.8970163270812
50,2019-08-14,1762.96,1793.01,1795.65,1757.21,4.89M,4890000,8,2019,8620874400.0,-0.007409409274148014,No Change,1783.956428571429,2258.7058408157764,1309.2070163270814
51,2019-08-13,1824.34,1783.0,1831.74,1780.0,4.08M,4080000,8,2019,7443307200.0,0.03481644506965553,No Change,1786.4207142857144,2261.170126530062,1311.671302041367
52,2019-08-12,1784.92,1795.99,1800.98,1777.0,2.91M,2910000,8,2019,5194117200.0,-0.021607814332854525,No Change,1787.0371428571432,2261.7865551014906,1312.2877306127957
53,2019-08-09,1807.58,1828.95,1831.09,1802.22,2.88M,2880000,8,2019,5205830400.0,0.012695246845797035,No Change,1788.5500000000004,2263.299412244348,1313.800587755653
54,2019-08-08,1832.89,1806.0,1834.26,1798.11,3.70M,3700000,8,2019,6781693000.0,0.014002146516336909,No Change,1793.4528571428575,2268.202269387205,1318.70344489851
55,2019-08-07,1793.4,1773.99,1798.93,1757.0,4.53M,4530000,8,2019,8124102000.0,-0.021545210023514727,No Change,1795.7078571428574,2270.457269387205,1320.95844489851
56,2019-08-06,1787.83,1792.23,1793.77,1753.4,5.07M,5070000,8,2019,9064298100.0,-0.0031058324969333033,No Change,1797.0621428571433,2271.8115551014907,1322.3127306127958
57,2019-08-05,1765.13,1770.22,1788.67,1748.78,6.06M,6060000,8,2019,10696687800.0,-0.012696956645765978,No Change,1798.1700000000005,2272.919412244348,1323.420587755653
58,2019-08-02,1823.24,1845.07,1846.36,1808.02,4.96M,4960000,8,2019,9043270400.0,0.03292108796519222,No Change,1799.4300000000007,2274.1794122443484,1324.6805877556533
59,2019-08-01,1855.32,1871.72,1897.92,1844.01,4.71M,4710000,8,2019,8738557200.0,0.017595050569316095,No Change,1801.7000000000007,2276.4494122443484,1326.9505877556533
60,2019-07-31,1866.78,1898.11,1899.55,1849.44,4.47M,4470000,7,2019,8344506600.0,0.00617683202897612,No Change,1806.371428571429,2281.120840815777,1331.6220163270816
61,2019-07-30,1898.53,1891.12,1909.89,1883.48,2.91M,2910000,7,2019,5524722300.0,0.017007895949174626,No Change,1812.2578571428578,2287.0072693872053,1337.5084448985103
62,2019-07-29,1912.45,1930.0,1932.23,1890.54,4.49M,4490000,7,2019,8586900500.0,0.007331988433156189,No Change,1820.820714285715,2295.5701265300627,1346.0713020413675
63,2019-07-26,1943.05,1942.0,1950.89,1924.51,4.93M,4930000,7,2019,9579236500.0,0.016000418311589826,No Change,1832.7442857142864,2307.493697958634,1357.994873469939
64,2019-07-25,1973.82,2001.0,2001.2,1972.72,4.14M,4139999,7,2019,8171612826.179998,0.015835928051259662,No Change,1847.8057142857149,2322.5551265300624,1373.0563020413674
65,2019-07-24,2000.81,1969.3,2001.3,1965.87,2.63M,2630000,7,2019,5262130300.0,0.01367399256264501,No Change,1860.4107142857151,2335.160126530063,1385.6613020413677
66,2019-07-23,1994.49,1995.99,1997.79,1973.13,2.70M,2700000,7,2019,5385123000.0,-0.003158720718109187,No Change,1875.380000000001,2350.1294122443487,1400.6305877556536
67,2019-07-22,1985.63,1971.14,1989.0,1958.26,2.91M,2910000,7,2019,5778183300.0,-0.004442238366700213,No Change,1888.0978571428584,2362.847269387206,1413.348444898511
68,2019-07-19,1964.52,1991.21,1996.0,1962.23,3.19M,3190000,7,2019,6266818800.0,-0.010631386512089391,No Change,1897.5000000000014,2372.249412244349,1422.750587755654
69,2019-07-18,1977.9,1980.01,1987.5,1951.55,3.50M,3500000,7,2019,6922650000.0,0.006810824018080863,No Change,1910.6785714285727,2385.42798367292,1435.9291591842252
70,2019-07-17,1992.03,2007.05,2012.0,1992.03,2.56M,2560000,7,2019,5099596800.0,0.007143940543000048,No Change,1925.264285714287,2400.0136979586346,1450.5148734699396
71,2019-07-16,2009.9,2010.58,2026.32,2001.22,2.62M,2620000,7,2019,5265938000.0,0.008970748432503672,No Change,1942.7478571428585,2417.497269387206,1467.998444898511
72,2019-07-15,2020.99,2021.4,2022.9,2001.55,2.98M,2980000,7,2019,6022550200.0,0.005517687447136543,No Change,1956.8728571428585,2431.622269387206,1482.123444898511
73,2019-07-12,2011.0,2008.27,2017.0,2003.87,2.51M,2510000,7,2019,5047610000.0,-0.004943121935289119,No Change,1967.9928571428586,2442.7422693872063,1493.2434448985111
74,2019-07-11,2001.07,2025.62,2035.8,1995.3,4.32M,4320000,7,2019,8644622400.0,-0.004937841869716575,No Change,1977.5850000000014,2452.334412244349,1502.835587755654
75,2019-07-10,2017.41,1996.51,2024.94,1995.4,4.93M,4930000,7,2019,9945831300.0,0.008165631387207828,No Change,1986.0764285714301,2460.8258408157776,1511.3270163270827
76,2019-07-09,1988.3,1947.8,1990.01,1943.47,4.35M,4350000,7,2019,8649105000.0,-0.014429392141409147,No Change,1991.4942857142871,2466.2436979586346,1516.7448734699396
77,2019-07-08,1952.32,1934.12,1956.0,1928.25,2.88M,2880000,7,2019,5622681600.0,-0.01809586078559577,No Change,1992.15642857143,2466.9058408157775,1517.4070163270826
78,2019-07-05,1942.91,1928.6,1945.9,1925.3,2.63M,2630000,7,2019,5109853300.0,-0.004819906572692934,No Change,1989.948571428573,2464.6979836729206,1515.1991591842254
79,2019-07-03,1939.0,1935.89,1941.59,1930.5,1.69M,1690000,7,2019,3276910000.0,-0.0020124452496513845,No Change,1985.5335714285727,2460.28298367292,1510.7841591842252
80,2019-07-02,1934.31,1919.38,1934.79,1906.63,2.65M,2650000,7,2019,5125921500.0,-0.0024187725631769075,No Change,1981.2350000000013,2455.9844122443487,1506.4855877556538
81,2019-07-01,1922.19,1922.98,1929.82,1914.66,3.20M,3200000,7,2019,6151008000.0,-0.0062658002078259676,No Change,1976.7035714285726,2451.4529836729203,1501.954159184225
82,2019-06-28,1893.63,1909.1,1912.94,1884.0,3.04M,3040000,6,2019,5756635200.0,-0.014858052533828547,No Change,1971.6400000000012,2446.389412244349,1496.8905877556538
83,2019-06-27,1904.28,1902.0,1911.24,1898.04,2.14M,2140000,6,2019,4075159200.0,0.005624118756039964,No Change,1966.3814285714295,2441.130840815777,1491.632016327082
84,2019-06-26,1897.83,1892.48,1903.8,1887.32,2.44M,2440000,6,2019,4630705200.0,-0.0033871069380553287,No Change,1959.6528571428582,2434.4022693872057,1484.9034448985108
85,2019-06-25,1878.27,1911.84,1916.38,1872.42,3.01M,3010000,6,2019,5653592700.0,-0.01030650795909005,No Change,1950.2507142857153,2425.000126530063,1475.5013020413678
86,2019-06-24,1913.9,1912.66,1916.86,1901.3,2.28M,2280000,6,2019,4363692000.0,0.018969583712671767,No Change,1942.6014285714296,2417.3508408157772,1467.852016327082
87,2019-06-21,1911.3,1916.1,1925.95,1907.58,3.93M,3930000,6,2019,7511409000.0,-0.001358482679345907,No Change,1935.480000000001,2410.2294122443486,1460.7305877556535
88,2019-06-20,1918.19,1933.33,1935.2,1905.8,3.22M,3220000,6,2019,6176571800.0,0.00360487626223005,No Change,1929.5600000000009,2404.3094122443486,1454.8105877556534
89,2019-06-19,1908.79,1907.84,1919.58,1892.47,2.90M,2900000,6,2019,5535491000.0,-0.00490045303124309,No Change,1921.8014285714294,2396.550840815777,1447.052016327082
90,2019-06-18,1901.37,1901.35,1921.67,1899.79,3.90M,3900000,6,2019,7415343000.0,-0.003887279375939801,No Change,1915.5921428571437,2390.3415551014914,1440.8427306127962
91,2019-06-17,1886.03,1876.5,1895.69,1875.45,2.63M,2630000,6,2019,4960258900.0,-0.008067866853900041,No Change,1910.8571428571436,2385.6065551014913,1436.107730612796
92,2019-06-14,1869.67,1864.0,1876.0,1859.0,2.85M,2850000,6,2019,5328559500.0,-0.008674305286766382,No Change,1905.6257142857153,2380.375126530063,1430.8763020413678
93,2019-06-13,1870.3,1866.72,1883.09,1862.22,2.80M,2800000,6,2019,5236840000.0,0.0003369578588734435,No Change,1900.7185714285722,2375.4679836729197,1425.9691591842247
94,2019-06-12,1855.32,1853.98,1865.0,1844.38,2.68M,2680000,6,2019,4972257600.0,-0.00800941025503932,No Change,1895.0764285714292,2369.8258408157767,1420.3270163270818
95,2019-06-11,1863.7,1883.25,1893.7,1858.0,4.04M,4040000,6,2019,7529348000.0,0.004516741047366546,No Change,1890.8985714285723,2365.64798367292,1416.1491591842248
96,2019-06-10,1860.63,1822.0,1884.87,1818.0,5.37M,5370000,6,2019,9991583100.0,-0.0016472608252400267,No Change,1888.5414285714294,2363.290840815777,1413.792016327082
97,2019-06-07,1804.03,1763.7,1806.25,1759.49,4.81M,4810000,6,2019,8677384300.0,-0.03041980404486655,No Change,1881.3807142857152,2356.1301265300626,1406.6313020413677
98,2019-06-06,1754.36,1737.71,1760.0,1726.13,3.69M,3690000,6,2019,6473588400.0,-0.027532801560949727,No Change,1871.1328571428583,2345.8822693872057,1396.3834448985108
99,2019-06-05,1738.5,1749.6,1752.0,1715.25,4.24M,4240000,6,2019,7371240000.0,-0.009040333796940137,No Change,1861.1492857142869,2335.8986979586343,1386.3998734699394
100,2019-06-04,1729.56,1699.24,1730.82,1680.89,5.68M,5680000,6,2019,9823900800.0,-0.0051423641069887616,No Change,1847.9821428571438,2322.7315551014913,1373.2327306127963
101,2019-06-03,1692.69,1760.01,1766.29,1672.0,9.10M,9100000,6,2019,15403479000.0,-0.0213175605356275,No Change,1832.3671428571438,2307.1165551014915,1357.6177306127963
102,2019-05-31,1775.07,1790.01,1795.59,1772.7,4.62M,4620000,5,2019,8200823400.0,0.048668096343689626,No Change,1822.1442857142868,2296.893697958634,1347.3948734699393
103,2019-05-30,1816.32,1825.49,1829.47,1807.83,3.15M,3150000,5,2019,5721408000.0,0.02323852017103545,No Change,1815.5392857142867,2290.288697958634,1340.7898734699393
104,2019-05-29,1819.19,1823.12,1830.0,1807.53,4.28M,4280000,5,2019,7786133200.0,0.0015801180408738789,No Change,1809.6692857142866,2284.4186979586343,1334.9198734699391
105,2019-05-28,1836.43,1832.75,1849.27,1827.35,3.20M,3200000,5,2019,5876576000.0,0.009476745144817222,No Change,1806.1264285714296,2280.8758408157773,1331.3770163270822
106,2019-05-24,1823.28,1835.89,1841.76,1817.85,3.37M,3370000,5,2019,6144453600.0,-0.007160632313782722,No Change,1802.812857142858,2277.5622693872056,1328.0634448985106
107,2019-05-23,1815.48,1836.59,1844.0,1804.2,4.42M,4420000,5,2019,8024421600.0,-0.004278004475450792,No Change,1798.8971428571438,2273.6465551014912,1324.1477306127963
108,2019-05-22,1859.68,1851.78,1871.48,1851.0,2.94M,2940000,5,2019,5467459200.0,0.024346178421133846,No Change,1799.2085714285724,2273.95798367292,1324.459159184225
109,2019-05-21,1857.52,1874.79,1879.0,1846.0,4.01M,4010000,5,2019,7448655200.0,-0.0011614901488428142,No Change,1798.7671428571437,2273.516555101491,1324.0177306127962
110,2019-05-20,1858.97,1852.69,1867.78,1835.54,3.80M,3800000,5,2019,7064086000.0,0.00078061070674873,No Change,1798.6485714285723,2273.39798367292,1323.8991591842248
111,2019-05-17,1869.0,1893.05,1910.53,1867.33,4.74M,4740000,5,2019,8859060000.0,0.0053954609272877105,No Change,1803.2892857142867,2278.038697958634,1328.5398734699393
112,2019-05-16,1907.57,1885.94,1917.51,1882.29,4.71M,4710000,5,2019,8984654700.0,0.02063670411985008,No Change,1814.2328571428582,2288.9822693872056,1339.4834448985107
113,2019-05-15,1871.15,1827.95,1874.43,1823.0,4.69M,4690000,5,2019,8775693500.0,-0.019092353098444592,No Change,1823.707857142858,2298.4572693872055,1348.9584448985106
114,2019-05-14,1840.12,1839.5,1852.44,1815.75,4.63M,4630000,5,2019,8519755599.999998,-0.016583384549608615,No Change,1831.605000000001,2306.3544122443486,1356.8555877556535
115,2019-05-13,1822.68,1836.56,1846.54,1818.0,5.78M,5780000,5,2019,10535090400.0,-0.009477642762428462,No Change,1840.890000000001,2315.6394122443485,1366.1405877556535
116,2019-05-10,1889.98,1898.0,1903.79,1856.0,5.72M,5720000,5,2019,10810685600.0,0.036923650887703774,No Change,1849.0978571428582,2323.847269387206,1374.3484448985107
117,2019-05-09,1899.87,1900.0,1909.4,1876.0,5.31M,5310000,5,2019,10088309700.0,0.005232859606979945,No Change,1855.065714285715,2329.8151265300626,1380.3163020413676
118,2019-05-08,1917.77,1918.87,1935.37,1910.0,4.08M,4080000,5,2019,7824501600.0,0.009421697274023977,No Change,1862.1071428571438,2336.8565551014913,1387.3577306127963
119,2019-05-07,1921.0,1939.99,1949.1,1903.38,5.90M,5900000,5,2019,11333900000.0,0.0016842478503678038,No Change,1868.1478571428581,2342.8972693872056,1393.3984448985107
120,2019-05-06,1950.55,1917.98,1959.0,1910.5,5.42M,5420000,5,2019,10571981000.0,0.015382613222280073,No Change,1877.2385714285724,2351.98798367292,1402.489159184225
121,2019-05-03,1962.46,1949.0,1964.4,1936.0,6.38M,6380000,5,2019,12520494800.0,0.006105970110994452,No Change,1887.737142857144,2362.4865551014914,1412.9877306127964
122,2019-05-02,1900.82,1913.33,1921.55,1881.87,3.96M,3960000,5,2019,7527247200.0,-0.0314095573922526,No Change,1890.6757142857152,2365.4251265300627,1415.9263020413678
123,2019-05-01,1911.52,1933.09,1943.64,1910.55,3.12M,3120000,5,2019,5963942400.0,0.005629149524941868,No Change,1894.5328571428581,2369.282269387206,1419.7834448985107
124,2019-04-30,1926.52,1930.1,1935.71,1906.95,3.51M,3510000,4,2019,6762085200.0,0.007847158282414002,No Change,1899.3578571428582,2374.1072693872056,1424.6084448985107
125,2019-04-29,1938.43,1949.0,1956.34,1934.09,4.02M,4019999,4,2019,7792486661.570002,0.006182131511741407,No Change,1904.3171428571438,2379.0665551014913,1429.5677306127964
126,2019-04-26,1950.63,1929.0,1951.0,1898.0,8.43M,8430000,4,2019,16443810900.0,0.006293753192016194,No Change,1907.3928571428582,2382.142269387206,1432.6434448985108
127,2019-04-25,1902.25,1917.0,1922.45,1900.31,6.10M,6100000,4,2019,11603725000.0,-0.024802243377780583,No Change,1909.6142857142866,2384.363697958634,1434.864873469939
128,2019-04-24,1901.75,1925.0,1929.69,1898.16,3.68M,3680000,4,2019,6998440000.0,-0.0002628466289920084,No Change,1914.0164285714295,2388.765840815777,1439.267016327082
129,2019-04-23,1923.77,1891.2,1929.26,1889.58,4.64M,4640000,4,2019,8926292800.0,0.011578808991718148,No Change,1921.237142857144,2395.9865551014914,1446.4877306127964
130,2019-04-22,1887.31,1855.4,1888.42,1845.64,3.37M,3370000,4,2019,6360234700.0,-0.01895236956600843,No Change,1921.0464285714297,2395.7958408157774,1446.2970163270822
131,2019-04-18,1861.69,1868.79,1870.82,1859.48,2.75M,2750000,4,2019,5119647500.0,-0.013574876411400316,No Change,1918.319285714287,2393.0686979586344,1443.5698734699395
132,2019-04-17,1864.82,1872.99,1876.47,1860.44,2.89M,2890000,4,2019,5389329800.0,0.001681268095117705,No Change,1914.5371428571439,2389.2865551014916,1439.7877306127964
133,2019-04-16,1863.04,1851.35,1869.77,1848.0,3.04M,3040000,4,2019,5663641600.0,-0.0009545157173346251,No Change,1910.397142857144,2385.1465551014917,1435.6477306127965
134,2019-04-15,1844.87,1842.0,1846.85,1818.9,3.72M,3720000,4,2019,6862916400.0,-0.009752877018206818,No Change,1902.8485714285725,2377.5979836729202,1428.099159184225
135,2019-04-12,1843.06,1848.4,1851.5,1841.3,3.11M,3110000,4,2019,5731916600.0,-0.0009810989392206038,No Change,1894.3200000000013,2369.0694122443488,1419.5705877556538
136,2019-04-11,1844.07,1848.7,1849.95,1840.31,2.65M,2650000,4,2019,4886785500.0,0.0005480016928369746,No Change,1890.2664285714297,2365.015840815777,1415.5170163270823
137,2019-04-10,1847.33,1841.0,1848.0,1828.81,2.96M,2960000,4,2019,5468096800.0,0.0017678287700575446,No Change,1885.68142857143,2360.4308408157776,1410.9320163270825
138,2019-04-09,1835.84,1845.49,1853.09,1831.78,3.71M,3710000,4,2019,6810966400.0,-0.006219787477061534,No Change,1879.2042857142872,2353.9536979586346,1404.4548734699397
139,2019-04-08,1849.86,1833.23,1850.2,1825.11,3.75M,3750000,4,2019,6936975000.0,0.007636831096391905,No Change,1872.8778571428586,2347.627269387206,1398.1284448985111
140,2019-04-05,1837.28,1829.0,1838.58,1825.19,3.64M,3640000,4,2019,6687699200.0,-0.006800514633539811,No Change,1864.7814285714298,2339.5308408157775,1390.0320163270824
141,2019-04-04,1818.86,1820.65,1828.75,1804.2,3.62M,3620000,4,2019,6584273200.0,-0.010025690150657574,No Change,1858.8250000000012,2333.574412244349,1384.0755877556537
142,2019-04-03,1820.7,1826.72,1830.0,1809.62,3.98M,3980000,4,2019,7246386000.0,0.0010116226647460813,No Change,1853.0357142857156,2327.7851265300633,1378.2863020413681
143,2019-04-02,1813.98,1811.02,1820.0,1805.12,3.45M,3450000,4,2019,6258231000.0,-0.003690888119953883,No Change,1845.1935714285726,2319.94298367292,1370.444159184225
144,2019-04-01,1814.19,1800.11,1815.67,1798.73,4.24M,4240000,4,2019,7692165600.0,0.00011576753878217438,No Change,1839.9707142857153,2314.7201265300628,1365.2213020413678
145,2019-03-29,1780.75,1786.58,1792.86,1776.63,3.32M,3320000,3,2019,5912090000.0,-0.018432468484557932,No Change,1834.1892857142868,2308.9386979586343,1359.4398734699394
146,2019-03-28,1773.42,1770.0,1777.93,1753.47,3.04M,3040000,3,2019,5391196800.0,-0.004116243155973587,No Change,1827.6607142857154,2302.410126530063,1352.911302041368
147,2019-03-27,1765.7,1784.13,1787.5,1745.68,4.32M,4320000,3,2019,7627824000.0,-0.004353170709702203,No Change,1820.707857142858,2295.4572693872055,1345.9584448985106
148,2019-03-26,1783.76,1793.0,1805.77,1773.36,4.87M,4870000,3,2019,8686911200.0,0.010228238092541142,No Change,1816.342857142858,2291.0922693872058,1341.5934448985106
149,2019-03-25,1774.26,1757.79,1782.68,1747.5,5.10M,5100000,3,2019,9048726000.0,-0.0053258285868054145,No Change,1811.4285714285722,2286.1779836729197,1336.6791591842248
150,2019-03-22,1764.77,1810.17,1818.98,1763.11,6.36M,6360000,3,2019,11223937200.0,-0.005348708757453857,No Change,1805.7642857142866,2280.513697958634,1331.0148734699392
151,2019-03-21,1819.26,1796.26,1823.75,1787.28,5.77M,5770000,3,2019,10497130200.0,0.03087654481887148,No Change,1803.7592857142865,2278.508697958634,1329.009873469939
152,2019-03-20,1797.27,1769.94,1799.5,1767.03,6.27M,6270000,3,2019,11268882900.0,-0.012087332211998314,No Change,1801.0042857142867,2275.7536979586343,1326.2548734699392
153,2019-03-19,1761.85,1753.51,1784.16,1753.51,6.36M,6360000,3,2019,11205366000.0,-0.019707667740517576,No Change,1794.7178571428578,2269.4672693872053,1319.9684448985104
154,2019-03-18,1742.15,1712.7,1750.0,1712.63,5.43M,5430000,3,2019,9459874500.0,-0.011181428611970246,No Change,1787.922857142858,2262.6722693872057,1313.1734448985105
155,2019-03-15,1712.36,1703.0,1718.8,1693.13,7.55M,7550000,3,2019,12928318000.0,-0.017099560887409382,No Change,1780.315714285715,2255.0651265300626,1305.5663020413676
156,2019-03-14,1686.22,1691.2,1702.0,1684.34,2.95M,2950000,3,2019,4974349000.0,-0.015265481557616312,No Change,1770.710000000001,2245.4594122443486,1295.9605877556535
157,2019-03-13,1690.81,1683.0,1700.0,1679.35,3.55M,3550000,3,2019,6002375500.0,0.002722064736511154,No Change,1761.9121428571439,2236.6615551014916,1287.1627306127964
158,2019-03-12,1673.1,1669.0,1684.27,1660.98,3.61M,3610000,3,2019,6039891000.0,-0.010474269728709906,No Change,1751.8342857142868,2226.5836979586343,1277.0848734699393
159,2019-03-11,1670.62,1626.12,1672.29,1626.01,3.88M,3880000,3,2019,6482005600.0,-0.0014822784053553086,No Change,1743.967857142858,2218.7172693872058,1269.2184448985106
160,2019-03-08,1620.8,1604.01,1622.72,1586.57,4.67M,4670000,3,2019,7569136000.0,-0.02982126396188234,No Change,1733.0664285714297,2207.8158408157774,1258.3170163270822
161,2019-03-07,1625.95,1667.37,1669.75,1620.51,4.96M,4960000,3,2019,8064712000.0,0.0031774432379072515,No Change,1723.0842857142868,2197.8336979586343,1248.3348734699393
162,2019-03-06,1668.95,1695.97,1697.75,1668.28,4.00M,4000000,3,2019,6675800000.0,0.02644607767766538,No Change,1714.8835714285726,2189.63298367292,1240.1341591842252
163,2019-03-05,1692.43,1702.95,1707.8,1689.01,3.68M,3680000,3,2019,6228142400.0,0.0140687258455916,No Change,1709.0385714285728,2183.7879836729203,1234.2891591842254
164,2019-03-04,1696.17,1685.0,1709.43,1674.36,6.17M,6170000,3,2019,10465368900.0,0.0022098402888155455,No Change,1704.138571428573,2178.8879836729207,1229.3891591842255
165,2019-03-01,1671.73,1655.13,1674.26,1651.0,4.97M,4970000,3,2019,8308498100.0,-0.014408933066850647,No Change,1693.6007142857159,2168.3501265300633,1218.8513020413684
166,2019-02-28,1639.83,1635.25,1651.77,1633.83,3.03M,3030000,2,2019,4968684900.0,-0.01908202879651621,No Change,1682.3550000000014,2157.104412244349,1207.605587755654
167,2019-02-27,1641.09,1628.18,1641.81,1615.1,3.15M,3150000,2,2019,5169433500.0,0.0007683723312781332,No Change,1673.7292857142872,2148.4786979586347,1198.9798734699398
168,2019-02-26,1636.4,1625.98,1639.99,1616.13,2.67M,2670000,2,2019,4369188000.0,-0.0028578566684336337,No Change,1666.1757142857157,2140.925126530063,1191.4263020413682
169,2019-02-25,1633.0,1641.45,1654.6,1630.39,3.18M,3180000,2,2019,5192940000.0,-0.0020777316059643613,No Change,1660.5071428571443,2135.256555101492,1185.7577306127969
170,2019-02-22,1631.56,1623.5,1634.94,1621.17,3.10M,3100000,2,2019,5057836000.0,-0.0008818126148193439,No Change,1656.6028571428585,2131.352269387206,1181.853444898511
171,2019-02-21,1619.44,1619.85,1623.56,1600.91,3.48M,3480000,2,2019,5635651200.0,-0.007428473362916409,No Change,1651.5050000000012,2126.2544122443487,1176.7555877556538
172,2019-02-20,1622.1,1630.0,1634.93,1610.12,3.34M,3340000,2,2019,5417814000.0,0.0016425431013189493,No Change,1647.8621428571441,2122.611555101492,1173.1127306127967
173,2019-02-19,1627.58,1601.0,1634.0,1600.56,3.68M,3680000,2,2019,5989494400.0,0.0033783367239996753,No Change,1644.7878571428585,2119.537269387206,1170.038444898511
174,2019-02-15,1607.95,1627.86,1628.91,1604.5,4.34M,4340000,2,2019,6978503000.0,-0.01206085107951671,No Change,1643.8700000000013,2118.619412244349,1169.1205877556538
175,2019-02-14,1622.65,1624.5,1637.9,1606.06,4.12M,4120000,2,2019,6685318000.0,0.009142075313287146,No Change,1643.634285714287,2118.3836979586345,1168.8848734699395
176,2019-02-13,1640.0,1647.0,1656.38,1637.11,3.56M,3560000,2,2019,5838400000.0,0.010692385911934109,No Change,1641.56642857143,2116.3158408157774,1166.8170163270825
177,2019-02-12,1638.01,1604.0,1639.39,1598.88,4.86M,4860000,2,2019,7960728600.0,-0.0012134146341463705,No Change,1637.6792857142868,2112.4286979586345,1162.9298734699394
178,2019-02-11,1591.0,1600.98,1609.29,1586.0,3.32M,3320000,2,2019,5282120000.0,-0.028699458489264362,No Change,1630.1671428571442,2104.9165551014917,1155.4177306127967
179,2019-02-08,1588.22,1586.0,1588.59,1566.76,5.66M,5660000,2,2019,8989325200.0,-0.0017473287240729052,No Change,1624.2021428571443,2098.951555101492,1149.4527306127968
180,2019-02-07,1614.37,1625.0,1625.54,1592.91,4.63M,4630000,2,2019,7474533099.999998,0.016464973366410174,No Change,1622.3835714285726,2097.13298367292,1147.6341591842252
181,2019-02-06,1640.26,1670.75,1672.26,1633.34,3.94M,3940000,2,2019,6462624400.0,0.016037215755991596,No Change,1622.3242857142868,2097.0736979586345,1147.5748734699393
182,2019-02-05,1658.81,1643.34,1665.26,1642.5,4.45M,4450000,2,2019,7381704500.0,0.011309182690548923,No Change,1623.925000000001,2098.674412244349,1149.1755877556536
183,2019-02-04,1633.31,1623.0,1649.63,1613.5,4.93M,4930000,2,2019,8052218300.0,-0.01537246580379914,No Change,1623.947142857144,2098.6965551014914,1149.1977306127965
184,2019-02-01,1626.23,1638.88,1673.06,1622.01,11.51M,11510000,2,2019,18717907300.0,-0.004334755802633872,No Change,1623.5664285714297,2098.3158408157774,1148.8170163270822
185,2019-01-31,1718.73,1692.85,1736.41,1679.08,10.91M,10910000,1,2019,18751344300.0,0.056880023120960736,No Change,1630.6585714285725,2105.40798367292,1155.909159184225
186,2019-01-30,1670.43,1623.0,1676.95,1619.68,5.78M,5780000,1,2019,9655085400.0,-0.02810214518859855,No Change,1634.1107142857156,2108.860126530063,1159.3613020413682
187,2019-01-29,1593.88,1631.27,1632.38,1590.72,4.63M,4630000,1,2019,7379664400.000002,-0.04582652370946405,No Change,1631.7035714285728,2106.4529836729203,1156.9541591842253
188,2019-01-28,1637.89,1643.59,1645.0,1614.09,4.84M,4840000,1,2019,7927387600.000002,0.02761186538509808,No Change,1633.8421428571442,2108.591555101492,1159.0927306127967
189,2019-01-25,1670.57,1670.5,1683.48,1661.61,4.96M,4960000,1,2019,8286027200.0,0.01995249986262793,No Change,1637.2650000000012,2112.014412244349,1162.5155877556538
190,2019-01-24,1654.93,1641.07,1657.26,1631.78,4.09M,4090000,1,2019,6768663700.0,-0.009362074022638887,No Change,1638.3314285714298,2113.0808408157773,1163.5820163270823
191,2019-01-23,1640.02,1656.0,1657.43,1612.0,5.23M,5230000,1,2019,8577304600.0,-0.009009444508226938,No Change,1638.4750000000015,2113.224412244349,1163.725587755654
192,2019-01-22,1632.17,1681.0,1681.87,1610.2,6.42M,6420000,1,2019,10478531400.0,-0.004786526993573181,No Change,1641.415714285716,2116.1651265300634,1166.6663020413685
193,2019-01-18,1696.2,1712.0,1716.2,1691.54,6.02M,6020000,1,2019,10211124000.0,0.03922998217097473,No Change,1649.128571428573,2123.8779836729204,1174.3791591842255
194,2019-01-17,1693.22,1680.0,1700.17,1677.5,4.21M,4210000,1,2019,7128456200.0,-0.001756868293833258,No Change,1654.760714285716,2129.5101265300636,1180.0113020413685
195,2019-01-16,1683.78,1684.22,1705.0,1675.88,6.37M,6370000,1,2019,10725678600.0,-0.005575176291326645,No Change,1657.8692857142873,2132.618697958635,1183.1198734699399
196,2019-01-15,1674.56,1632.0,1675.16,1626.01,6.00M,6000000,1,2019,10047360000.0,-0.005475774744919225,No Change,1658.9942857142873,2133.743697958635,1184.2448734699399
197,2019-01-14,1617.21,1615.0,1648.2,1595.15,6.01M,6010000,1,2019,9719432100.0,-0.03424780240779657,No Change,1657.8442857142873,2132.593697958635,1183.0948734699398
198,2019-01-11,1640.56,1640.55,1660.29,1636.22,4.69M,4690000,1,2019,7694226400.0,0.014438446460261822,No Change,1658.8678571428588,2133.6172693872063,1184.1184448985114
199,2019-01-10,1656.22,1641.01,1663.25,1621.62,6.51M,6510000,1,2019,10781992200.0,0.009545521041595563,No Change,1654.402857142859,2129.1522693872066,1179.6534448985115
200,2019-01-09,1659.42,1652.98,1667.8,1641.4,6.35M,6350000,1,2019,10537317000.0,0.0019321104684160149,No Change,1653.6164285714306,2128.365840815778,1178.867016327083
201,2019-01-08,1656.58,1664.69,1676.61,1616.61,8.88M,8880000,1,2019,14710430400.0,-0.0017114413469767607,No Change,1658.0950000000018,2132.8444122443493,1183.3455877556544
202,2019-01-07,1629.51,1602.31,1634.56,1589.18,7.99M,7990000,1,2019,13019784900.0,-0.016340895097127772,No Change,1657.4964285714304,2132.245840815778,1182.747016327083
203,2019-01-04,1575.39,1530.0,1594.0,1518.31,9.18M,9180000,1,2019,14462080200.0,-0.033212438094887387,No Change,1650.697857142859,2125.4472693872067,1175.9484448985115
204,2019-01-03,1500.28,1520.01,1538.0,1497.11,6.98M,6980000,1,2019,10471954400.0,-0.047677083134969885,No Change,1639.6514285714304,2114.400840815778,1164.902016327083
205,2019-01-02,1539.13,1465.2,1553.36,1460.93,7.98M,7980000,1,2019,12282257400.0,0.025895166235636147,No Change,1632.4450000000018,2107.194412244349,1157.6955877556543
206,2018-12-31,1501.97,1510.8,1520.76,1487.0,6.95M,6950000,12,2018,10438691500.0,-0.02414350964505929,No Change,1623.145000000002,2097.8944122443495,1148.3955877556546
207,2018-12-28,1478.02,1473.35,1513.47,1449.0,8.83M,8830000,12,2018,13050916600.0,-0.015945724615005652,No Change,1607.5607142857164,2082.310126530064,1132.811302041369
208,2018-12-27,1461.64,1454.2,1469.0,1390.31,9.72M,9720000,12,2018,14207140800.000004,-0.011082394013612771,No Change,1591.0192857142877,2065.768697958635,1116.2698734699402
209,2018-12-26,1470.9,1368.89,1473.16,1363.01,10.41M,10410000,12,2018,15312069000.0,0.00633534933362534,No Change,1575.8135714285734,2050.562983672921,1101.064159184226
210,2018-12-24,1343.96,1346.0,1396.03,1307.0,7.22M,7220000,12,2018,9703391200.0,-0.08630090420830783,No Change,1552.1992857142875,2026.948697958635,1077.44987346994
211,2018-12-21,1377.45,1464.99,1480.0,1363.96,13.64M,13640000,12,2018,18788418000.0,0.024918896395726087,No Change,1535.0735714285734,2009.8229836729208,1060.324159184226
212,2018-12-20,1460.83,1484.0,1509.5,1432.69,9.99M,9990000,12,2018,14593691700.0,0.06053214272750361,No Change,1522.2357142857163,1996.9851265300638,1047.4863020413688
213,2018-12-19,1495.08,1543.05,1584.53,1483.18,8.79M,8790000,12,2018,13141753200.0,0.02344557546052584,No Change,1510.725714285716,1985.4751265300636,1035.9763020413686
214,2018-12-18,1551.48,1540.0,1567.55,1523.01,6.52M,6520000,12,2018,10115649600.0,0.03772373384701822,No Change,1503.0157142857158,1977.7651265300633,1028.2663020413684
215,2018-12-17,1520.91,1566.0,1576.13,1505.01,8.83M,8830000,12,2018,13429635300.0,-0.019703766725964852,No Change,1493.3250000000019,1968.0744122443493,1018.5755877556544
216,2018-12-14,1591.91,1638.0,1642.57,1585.0,6.37M,6370000,12,2018,10140466700.0,0.04668257819331845,No Change,1490.6392857142876,1965.388697958635,1015.8898734699401
217,2018-12-13,1658.38,1680.0,1692.12,1641.5,5.27M,5270000,12,2018,8739662600.0,0.041754873076995665,No Change,1496.5671428571447,1971.3165551014922,1021.8177306127973
218,2018-12-12,1663.54,1669.0,1704.99,1660.27,6.60M,6600000,12,2018,10979364000.0,0.0031114702299834818,No Change,1508.2285714285736,1982.977983672921,1033.479159184226
219,2018-12-11,1643.24,1678.0,1679.47,1619.6,6.24M,6240000,12,2018,10253817600.0,-0.012202892626567374,No Change,1515.6650000000022,1990.4144122443497,1040.9155877556548
220,2018-12-10,1641.03,1623.84,1657.99,1590.87,7.49M,7490000,12,2018,12291314700.0,-0.001344903970205258,No Change,1525.597857142859,2000.3472693872066,1050.8484448985116
221,2018-12-07,1629.13,1705.07,1718.93,1625.46,7.58M,7580000,12,2018,12348805400.0,-0.007251543238088187,No Change,1536.3914285714307,2011.1408408157781,1061.6420163270832
222,2018-12-06,1699.19,1614.87,1701.05,1609.85,8.79M,8790000,12,2018,14935880100.0,0.04300454843996482,No Change,1553.3592857142878,2028.1086979586353,1078.6098734699403
223,2018-12-04,1668.4,1756.0,1770.34,1665.0,8.69M,8690000,12,2018,14498396000.0,-0.01812039854283509,No Change,1567.4664285714305,2042.215840815778,1092.717016327083
224,2018-12-03,1772.36,1769.46,1778.34,1730.0,6.86M,6860000,12,2018,12158389600.0,0.06231119635578985,No Change,1598.0664285714306,2072.8158408157783,1123.3170163270831
225,2018-11-30,1690.17,1679.5,1696.0,1666.5,5.76M,5760000,11,2018,9735379200.0,-0.04637319731882905,No Change,1620.4035714285733,2095.152983672921,1145.6541591842258
226,2018-11-29,1673.57,1674.99,1689.99,1652.33,6.61M,6610000,11,2018,11062297700.0,-0.00982149724583925,No Change,1635.5992857142878,2110.3486979586355,1160.8498734699403
227,2018-11-28,1677.75,1613.92,1681.45,1601.21,8.46M,8460000,11,2018,14193765000.0,0.002497654714173958,No Change,1648.6471428571447,2123.396555101492,1173.8977306127972
228,2018-11-27,1581.42,1575.99,1597.65,1558.01,5.78M,5780000,11,2018,9140607600.0,-0.057416182387125536,No Change,1650.785714285716,2125.5351265300637,1176.0363020413686
229,2018-11-26,1581.33,1539.0,1584.81,1524.22,6.26M,6260000,11,2018,9899125800.0,-5.691087756587443e-05,No Change,1655.1014285714302,2129.8508408157777,1180.3520163270828
230,2018-11-23,1502.06,1517.0,1536.2,1501.81,2.71M,2710000,11,2018,4070582600.0,-0.05012868914141888,No Change,1648.6835714285733,2123.4329836729207,1173.9341591842258
231,2018-11-21,1516.73,1542.99,1550.0,1515.0,5.72M,5720000,11,2018,8675695600.0,0.009766587220217726,No Change,1638.565714285716,2113.3151265300635,1163.8163020413685
232,2018-11-20,1495.46,1437.5,1534.75,1420.0,10.88M,10880000,11,2018,16270604800.0,-0.014023590223704918,No Change,1626.5600000000015,2101.309412244349,1151.810587755654
233,2018-11-19,1512.29,1577.01,1581.19,1503.36,7.79M,7790000,11,2018,11780739100.0,0.01125406229521353,No Change,1617.20642857143,2091.9558408157777,1142.4570163270826
234,2018-11-16,1593.41,1587.5,1614.48,1573.12,6.07M,6070000,11,2018,9671998700.0,0.0536405054586091,No Change,1613.8050000000017,2088.5544122443494,1139.0555877556542
235,2018-11-15,1619.44,1581.01,1624.82,1546.51,8.43M,8430000,11,2018,13651879200.0,0.01633603404020301,No Change,1613.1128571428585,2087.862269387206,1138.363444898511
236,2018-11-14,1599.01,1656.32,1673.0,1597.07,6.49M,6490000,11,2018,10377574900.0,-0.01261547201501756,No Change,1605.9571428571442,2080.7065551014916,1131.2077306127967
237,2018-11-13,1631.17,1649.29,1677.06,1613.75,5.93M,5930000,11,2018,9672838100.0,0.020112444575080882,No Change,1603.2978571428587,2078.047269387206,1128.5484448985112
238,2018-11-12,1636.85,1698.24,1708.55,1630.01,6.81M,6810000,11,2018,11146948500.0,0.003482163109914893,No Change,1593.6185714285727,2068.36798367292,1118.8691591842253
239,2018-11-09,1712.43,1732.5,1743.92,1701.87,5.90M,5900000,11,2018,10103337000.0,0.046174053822891636,No Change,1595.208571428573,2069.9579836729204,1120.4591591842254
240,2018-11-08,1754.91,1755.0,1784.0,1725.11,6.53M,6530000,11,2018,11459562300.0,0.024806853418825936,No Change,1601.0185714285728,2075.7679836729203,1126.2691591842254
241,2018-11-07,1755.49,1673.0,1759.23,1664.08,8.19M,8189999,11,2018,14377461344.51,0.0003305012792678141,No Change,1606.57142857143,2081.3208408157775,1131.8220163270826
242,2018-11-06,1642.81,1618.35,1665.0,1614.55,4.26M,4260000,11,2018,6998370600.0,-0.06418720699064084,No Change,1610.95642857143,2085.7058408157777,1136.2070163270826
243,2018-11-05,1627.8,1657.57,1658.09,1596.36,5.62M,5620000,11,2018,9148236000.0,-0.009136783925103977,No Change,1614.2757142857158,2089.0251265300635,1139.5263020413684
244,2018-11-02,1665.53,1678.59,1697.44,1651.83,6.96M,6960000,11,2018,11592088800.0,0.02317852316009339,No Change,1625.9521428571443,2100.701555101492,1151.2027306127968
245,2018-11-01,1665.53,1623.53,1670.45,1598.44,8.14M,8140000,11,2018,13557414200.0,0.0,No Change,1636.5807142857157,2111.3301265300634,1161.8313020413682
246,2018-10-31,1598.01,1569.99,1623.91,1565.09,9.39M,9390000,10,2018,15005313900.0,-0.04053964803996324,No Change,1643.9057142857157,2118.655126530063,1169.1563020413682
247,2018-10-30,1530.42,1486.16,1540.99,1476.36,12.46M,12460000,10,2018,19069033200.0,-0.042296356092890515,No Change,1645.2007142857158,2119.9501265300632,1170.4513020413683
248,2018-10-29,1538.88,1660.0,1665.74,1495.0,13.87M,13870000,10,2018,21344265600.0,0.005527894303524628,No Change,1641.3057142857158,2116.0551265300633,1166.5563020413683
249,2018-10-26,1642.81,1649.59,1698.46,1603.0,14.96M,14960000,10,2018,24576437600.0,0.06753613017259298,No Change,1642.9750000000017,2117.7244122443494,1168.2255877556543
250,2018-10-25,1782.17,1703.34,1794.81,1692.01,10.29M,10290000,10,2018,18338529300.0,0.08483026034660135,No Change,1656.057857142859,2130.8072693872064,1181.3084448985114
251,2018-10-24,1664.2,1773.7,1777.71,1656.56,6.93M,6930000,10,2018,11532906000.0,-0.06619458300835501,No Change,1658.4171428571447,2133.166555101492,1183.6677306127972
252,2018-10-23,1768.7,1742.24,1776.34,1714.0,6.72M,6720000,10,2018,11885664000.0,0.06279293354164173,No Change,1667.835000000002,2142.5844122443496,1193.0855877556546
253,2018-10-22,1789.3,1784.0,1809.5,1756.0,4.50M,4500000,10,2018,8051850000.0,0.011646972352575393,No Change,1673.3257142857162,2148.0751265300637,1198.5763020413688
254,2018-10-19,1764.03,1785.16,1809.1,1753.0,5.91M,5910000,10,2018,10425417300.0,-0.014122841334600069,No Change,1673.9771428571446,2148.726555101492,1199.2277306127971
255,2018-10-18,1770.72,1821.49,1830.15,1767.87,5.87M,5870000,10,2018,10394126400.0,0.003792452509311151,No Change,1675.0650000000019,2149.8144122443496,1200.3155877556544
256,2018-10-17,1831.73,1842.79,1845.0,1807.0,5.30M,5300000,10,2018,9708169000.0,0.03445491099665676,No Change,1688.5592857142874,2163.308697958635,1213.80987346994
257,2018-10-16,1819.96,1783.5,1823.88,1761.55,5.86M,5860000,10,2018,10664965600.0,-0.006425619496323143,No Change,1702.2850000000017,2177.0344122443494,1227.5355877556542
258,2018-10-15,1760.95,1795.0,1795.05,1734.23,6.44M,6440000,10,2018,11340518000.0,-0.03242378953383596,No Change,1709.100714285716,2183.850126530064,1234.3513020413686
259,2018-10-12,1788.61,1808.0,1808.95,1742.53,9.44M,9440000,10,2018,16884478400.0,0.01570743064822966,No Change,1717.8921428571448,2192.6415551014925,1243.1427306127973
260,2018-10-11,1719.36,1724.0,1755.4,1685.1,13.94M,13940000,10,2018,23967878400.0,-0.038717216162271306,No Change,1726.560000000002,2201.3094122443495,1251.8105877556545
261,2018-10-10,1755.25,1857.89,1858.56,1754.41,10.99M,10990000,10,2018,19290197500.0,0.020874046156709625,No Change,1742.6192857142876,2217.368697958635,1267.86987346994
262,2018-10-09,1870.32,1859.99,1896.68,1852.32,4.77M,4770000,10,2018,8921426400.0,0.06555761287565877,No Change,1766.2935714285734,2241.042983672921,1291.544159184226
263,2018-10-08,1864.42,1874.0,1902.0,1830.66,7.39M,7390000,10,2018,13778063800.0,-0.0031545403995038024,No Change,1782.122857142859,2256.8722693872064,1307.3734448985115
264,2018-10-05,1889.65,1917.99,1929.08,1862.83,6.82M,6820000,10,2018,12887413000.0,0.01353235858872992,No Change,1789.8000000000018,2264.5494122443492,1315.0505877556543
265,2018-10-04,1909.42,1949.0,1956.0,1896.57,7.26M,7260000,10,2018,13862389200.0,0.010462254914931357,No Change,1807.315714285716,2282.0651265300635,1332.5663020413685
266,2018-10-03,1952.76,1981.7,1989.7,1949.81,5.25M,5250000,10,2018,10251990000.0,0.022697992060416228,No Change,1820.4628571428586,2295.212269387206,1345.7134448985112
267,2018-10-02,1971.31,1999.99,2013.39,1965.77,5.40M,5400000,10,2018,10645074000.0,0.009499375243245513,No Change,1833.463571428573,2308.2129836729205,1358.7141591842255
268,2018-10-01,2004.36,2021.99,2033.19,2003.6,3.47M,3470000,10,2018,6955129200.0,0.016765501113472636,No Change,1850.6300000000017,2325.379412244349,1375.8805877556542
269,2018-09-28,2003.0,2004.41,2026.52,1996.46,4.09M,4090000,9,2018,8192270000.0,-0.0006785208246022911,No Change,1867.2214285714304,2341.970840815778,1392.4720163270829
270,2018-09-27,2012.98,1993.24,2016.16,1988.58,4.33M,4330000,9,2018,8716203400.0,0.004982526210683957,No Change,1880.1678571428588,2354.9172693872065,1405.4184448985113
271,2018-09-26,1974.85,1968.5,1995.25,1961.52,4.31M,4310000,9,2018,8511603500.0,-0.01894206599171389,No Change,1891.2314285714303,2365.980840815778,1416.4820163270829
272,2018-09-25,1974.55,1942.9,1975.91,1938.85,4.54M,4540000,9,2018,8964457000.0,-0.00015191027166616686,No Change,1906.488571428573,2381.2379836729206,1431.7391591842256
273,2018-09-24,1934.36,1903.79,1936.88,1865.0,4.21M,4210000,9,2018,8143655600.0,-0.02035400470993398,No Change,1916.8992857142873,2391.648697958635,1442.1498734699398
274,2018-09-21,1915.01,1954.22,1957.31,1910.5,6.86M,6860000,9,2018,13136968600.0,-0.010003308587853256,No Change,1930.8742857142872,2405.6236979586347,1456.1248734699398
275,2018-09-20,1944.3,1938.58,1955.0,1932.25,3.15M,3150000,9,2018,6124545000.0,0.015294959295251596,No Change,1944.3778571428586,2419.127269387206,1469.6284448985111
276,2018-09-19,1926.42,1940.5,1940.83,1904.9,4.06M,4059999,9,2018,7821263273.58,-0.009196111711155641,No Change,1948.3850000000016,2423.1344122443493,1473.6355877556541
277,2018-09-18,1941.05,1918.65,1958.2,1915.44,4.27M,4270000,9,2018,8288283500.0,0.007594397898692763,No Change,1953.8585714285728,2428.6079836729205,1479.1091591842253
278,2018-09-17,1908.03,1954.73,1956.82,1887.41,7.05M,7050000,9,2018,13451611500.0,-0.017011411349527328,No Change,1955.1714285714297,2429.9208408157774,1480.4220163270822
279,2018-09-14,1970.19,1992.93,1993.65,1959.22,3.64M,3640000,9,2018,7171491600.0,0.03257810411785988,No Change,1959.5121428571438,2434.2615551014915,1484.7627306127963
280,2018-09-13,1989.87,2000.0,2008.76,1982.03,3.62M,3620000,9,2018,7203329400.0,0.00998888432080136,No Change,1962.162857142858,2436.9122693872055,1487.4134448985105
281,2018-09-12,1990.0,1994.0,2000.0,1962.44,4.41M,4410000,9,2018,8775900000.0,6.533090101368266e-05,No Change,1963.497857142858,2438.2472693872055,1488.7484448985106
282,2018-09-11,1987.15,1928.27,1988.88,1917.0,5.03M,5030000,9,2018,9995364500.0,-0.0014321608040200884,No Change,1962.2685714285724,2437.01798367292,1487.519159184225
283,2018-09-10,1939.01,1971.0,1973.04,1931.52,4.54M,4540000,9,2018,8803105400.0,-0.024225649799964773,No Change,1957.6978571428579,2432.4472693872053,1482.9484448985104
284,2018-09-07,1952.07,1938.71,1975.2,1937.35,4.89M,4890000,9,2018,9545622300.0,0.0067353958979066144,No Change,1953.3471428571436,2428.096555101491,1478.597730612796
285,2018-09-06,1958.31,2006.51,2007.5,1935.21,7.49M,7490000,9,2018,14667741900.0,0.0031966066790638514,No Change,1952.1657142857152,2426.915126530063,1477.4163020413678
286,2018-09-05,1994.82,2038.11,2040.38,1989.89,8.22M,8220000,9,2018,16397420400.0,0.01864362639214434,No Change,1953.6135714285724,2428.36298367292,1478.864159184225
287,2018-09-04,2039.51,2026.5,2050.5,2013.0,5.72M,5720000,9,2018,11665997200.0,0.0224030238317241,No Change,1961.1242857142865,2435.8736979586342,1486.374873469939
288,2018-08-31,2012.71,2007.0,2022.38,2004.74,4.20M,4200000,8,2018,8453382000.0,-0.013140411177194557,No Change,1968.102857142858,2442.8522693872055,1493.3534448985106
289,2018-08-30,2002.38,1997.42,2025.57,1986.9,7.28M,7280000,8,2018,14577326400.0,-0.005132383701576426,No Change,1972.2514285714296,2447.0008408157773,1497.5020163270822
290,2018-08-29,1998.1,1953.45,1998.69,1948.94,6.53M,6530000,8,2018,13047593000.0,-0.0021374564268521468,No Change,1977.3714285714293,2452.120840815777,1502.6220163270818
291,2018-08-28,1932.82,1937.73,1941.78,1928.82,3.10M,3100000,8,2018,5991742000.0,-0.03267103748561129,No Change,1976.7835714285723,2451.5329836729197,1502.0341591842248
292,2018-08-27,1927.68,1915.0,1927.7,1909.28,3.57M,3570000,8,2018,6881817600.0,-0.002659326786767502,No Change,1978.1871428571437,2452.936555101491,1503.4377306127963
293,2018-08-24,1905.39,1910.51,1916.01,1902.54,2.80M,2800000,8,2018,5335092000.0,-0.011563122509960166,No Change,1973.5585714285723,2448.30798367292,1498.8091591842249
294,2018-08-23,1902.9,1907.17,1919.5,1900.76,3.56M,3560000,8,2018,6774324000.0,-0.0013068190764095045,No Change,1967.3464285714297,2442.095840815777,1492.5970163270822
295,2018-08-22,1904.9,1876.64,1905.8,1876.64,3.08M,3080000,8,2018,5867092000.0,0.001051027379263214,No Change,1961.2678571428585,2436.017269387206,1486.518444898511
296,2018-08-21,1883.42,1880.0,1897.75,1874.4,3.11M,3110000,8,2018,5857436200.0,-0.011276182476770423,No Change,1953.8585714285728,2428.6079836729205,1479.1091591842253
297,2018-08-20,1876.71,1890.57,1891.75,1866.06,2.86M,2860000,8,2018,5367390600.0,-0.0035626679126270493,No Change,1949.4085714285727,2424.15798367292,1474.6591591842252
298,2018-08-17,1882.22,1885.8,1888.0,1855.55,4.10M,4099999,8,2018,7717100117.78,0.002935989044657861,No Change,1944.4192857142873,2419.1686979586348,1469.6698734699398
299,2018-08-16,1886.52,1903.94,1905.0,1883.55,3.96M,3960000,8,2018,7470619200.0,0.0022845363453793954,No Change,1939.29142857143,2414.0408408157778,1464.5420163270826
300,2018-08-15,1882.62,1909.55,1916.21,1869.79,7.70M,7700000,8,2018,14496174000.0,-0.002067298517905991,No Change,1931.2771428571443,2406.026555101492,1456.5277306127969
301,2018-08-14,1919.65,1919.39,1921.01,1900.0,3.99M,3990000,8,2018,7659403500.0,0.01966939690431424,No Change,1922.7157142857159,2397.4651265300636,1447.9663020413684
302,2018-08-13,1896.2,1898.5,1925.0,1893.67,5.53M,5530000,8,2018,10485986000.0,-0.01221576849946604,No Change,1914.393571428573,2389.1429836729208,1439.6441591842256
303,2018-08-10,1886.3,1888.51,1899.5,1878.21,3.64M,3640000,8,2018,6866132000.0,-0.005220968252294122,No Change,1906.1021428571444,2380.851555101492,1431.352730612797
304,2018-08-09,1898.52,1882.0,1914.57,1877.48,4.86M,4860000,8,2018,9226807200.0,0.006478290833907607,No Change,1898.9892857142875,2373.738697958635,1424.23987346994
305,2018-08-08,1886.52,1861.0,1891.51,1854.5,3.96M,3960000,8,2018,7470619200.0,-0.006320712976423781,No Change,1895.6821428571445,2370.431555101492,1420.932730612797
306,2018-08-07,1862.48,1854.53,1869.72,1846.27,3.38M,3380000,8,2018,6295182400.0,-0.012743040094989722,No Change,1891.0250000000017,2365.774412244349,1416.2755877556542
307,2018-08-06,1847.75,1825.81,1847.77,1818.92,3.39M,3390000,8,2018,6263872500.0,-0.007908809759030966,No Change,1886.9078571428588,2361.6572693872063,1412.1584448985113
308,2018-08-03,1823.29,1837.74,1841.0,1821.5,3.46M,3460000,8,2018,6308583400.0,-0.013237721553240434,No Change,1881.2214285714304,2355.970840815778,1406.4720163270829
309,2018-08-02,1834.33,1788.77,1836.56,1786.0,4.35M,4350000,8,2018,7979335500.0,0.006054988509781811,No Change,1876.1807142857158,2350.9301265300633,1401.4313020413683
310,2018-08-01,1797.17,1784.0,1798.44,1776.02,4.15M,4150000,8,2018,7458255500.0,-0.020258077881297187,No Change,1870.0200000000016,2344.769412244349,1395.270587755654
311,2018-07-31,1777.44,1786.49,1801.83,1739.32,5.74M,5740000,7,2018,10202505600.0,-0.010978371550827148,No Change,1862.929285714287,2337.6786979586345,1388.1798734699396
312,2018-07-30,1779.22,1827.33,1829.5,1766.02,6.56M,6560000,7,2018,11671683200.0,0.00100144027365201,No Change,1855.5721428571444,2330.321555101492,1380.822730612797
313,2018-07-27,1817.27,1876.05,1880.05,1806.53,9.68M,9680000,7,2018,17591173600.0,0.021385775789390937,No Change,1850.6257142857157,2325.3751265300634,1375.8763020413683
314,2018-07-26,1808.0,1839.0,1844.68,1804.5,9.92M,9920000,7,2018,17935360000.0,-0.005101058180677631,No Change,1845.2957142857158,2320.0451265300635,1370.5463020413683
315,2018-07-25,1863.61,1829.3,1863.84,1822.64,3.84M,3840000,7,2018,7156262400.0,0.03075774336283188,No Change,1841.2928571428586,2316.042269387206,1366.543444898511
316,2018-07-24,1829.24,1829.01,1840.0,1809.38,4.28M,4280000,7,2018,7829147200.0,-0.0184426999211208,No Change,1836.5100000000016,2311.2594122443493,1361.7605877556541
317,2018-07-23,1802.0,1812.21,1819.0,1769.99,3.89M,3890000,7,2018,7009780000.0,-0.01489143032078899,No Change,1830.488571428573,2305.2379836729206,1355.7391591842256
318,2018-07-20,1813.7,1825.01,1834.84,1810.06,3.89M,3890000,7,2018,7055293000.0,0.006492785793562828,No Change,1824.4300000000017,2299.1794122443494,1349.6805877556542
319,2018-07-19,1812.97,1829.46,1841.0,1811.27,4.68M,4680000,7,2018,8484699600.0,-0.00040249214313281545,No Change,1819.1764285714303,2293.925840815778,1344.4270163270828
320,2018-07-18,1842.92,1848.0,1858.88,1831.27,4.86M,4860000,7,2018,8956591200.0,0.016519854161955342,No Change,1817.7792857142872,2292.528697958635,1343.0298734699397
321,2018-07-17,1843.93,1811.56,1851.69,1797.38,5.68M,5680000,7,2018,10473522400.0,0.0005480433225533153,No Change,1817.5064285714302,2292.255840815778,1342.7570163270827
322,2018-07-16,1822.49,1821.95,1841.95,1814.45,5.47M,5470000,7,2018,9969020300.0,-0.01162733943262495,No Change,1817.4492857142873,2292.198697958635,1342.6998734699398
323,2018-07-13,1813.03,1803.93,1815.3,1795.22,4.39M,4390000,7,2018,7959201700.0,-0.005190700634845724,No Change,1815.9278571428586,2290.6772693872063,1341.178444898511
324,2018-07-12,1796.62,1764.51,1798.0,1762.18,4.53M,4530000,7,2018,8138688599.999998,-0.009051146423390777,No Change,1815.8885714285727,2290.63798367292,1341.1391591842253
325,2018-07-11,1755.0,1737.99,1756.96,1734.0,3.21M,3210000,7,2018,5633550000.0,-0.023165722300764743,No Change,1814.2857142857156,2289.0351265300633,1339.5363020413681
326,2018-07-10,1743.07,1738.53,1750.0,1731.0,3.00M,3000000,7,2018,5229210000.0,-0.006797720797720785,No Change,1811.7035714285726,2286.4529836729203,1336.954159184225
327,2018-07-09,1739.02,1724.05,1739.56,1716.23,3.01M,3010000,7,2018,5234450200.0,-0.0023234867217036825,No Change,1806.114285714287,2280.8636979586345,1331.3648734699395
328,2018-07-06,1710.63,1696.0,1715.27,1691.67,2.65M,2650000,7,2018,4533169500.0,-0.016325286655702542,No Change,1799.159285714287,2273.9086979586345,1324.4098734699396
329,2018-07-05,1699.73,1705.38,1710.69,1682.15,2.98M,2980000,7,2018,5065195400.0,-0.006371921455837981,No Change,1787.4535714285726,2262.2029836729203,1312.704159184225
330,2018-07-03,1693.96,1723.96,1725.0,1692.48,2.18M,2180000,7,2018,3692832800.0,-0.003394656798432649,No Change,1777.7907142857152,2252.540126530063,1303.0413020413678
331,2018-07-02,1713.78,1682.7,1713.89,1678.06,3.19M,3190000,7,2018,5466958200.0,0.011700394342251341,No Change,1771.4892857142866,2246.238697958634,1296.739873469939
332,2018-06-29,1699.8,1717.0,1723.41,1694.32,4.54M,4540000,6,2018,7717092000.0,-0.008157406434898262,No Change,1763.3535714285722,2238.10298367292,1288.6041591842247
333,2018-06-28,1701.45,1672.54,1705.5,1661.17,4.53M,4530000,6,2018,7707568500.0,0.0009707024355807279,No Change,1755.387857142858,2230.1372693872054,1280.6384448985104
334,2018-06-27,1660.51,1708.11,1711.95,1660.0,4.87M,4870000,6,2018,8086683700.0,-0.024061829615915853,No Change,1742.3585714285723,2217.10798367292,1267.6091591842248
335,2018-06-26,1691.09,1672.37,1701.57,1663.34,4.39M,4390000,6,2018,7423885100.0,0.018416028810425592,No Change,1731.4414285714295,2206.190840815777,1256.692016327082
336,2018-06-25,1663.15,1702.51,1705.0,1646.31,7.51M,7510000,6,2018,12490256500.0,-0.016521888249590444,No Change,1720.0600000000009,2194.8094122443486,1245.3105877556534
337,2018-06-22,1715.67,1742.62,1743.0,1711.9,4.08M,4080000,6,2018,6999933600.0,0.031578630911222705,No Change,1713.105714285715,2187.8551265300625,1238.3563020413676
338,2018-06-21,1730.22,1760.0,1763.1,1717.56,4.94M,4940000,6,2018,8547286800.0,0.008480651873612022,No Change,1708.362857142858,2183.1122693872057,1233.6134448985106
339,2018-06-20,1750.08,1742.5,1762.93,1741.36,4.33M,4330000,6,2018,7577846400.0,0.011478309116759622,No Change,1708.0114285714294,2182.760840815777,1233.262016327082
340,2018-06-19,1734.78,1709.04,1736.11,1700.39,4.29M,4290000,6,2018,7442206200.0,-0.008742457487657673,No Change,1707.4192857142864,2182.168697958634,1232.669873469939
341,2018-06-18,1723.79,1706.26,1726.74,1702.56,3.11M,3110000,6,2018,5360986900.0,-0.006335097245760314,No Change,1706.3314285714293,2181.080840815777,1231.5820163270819
342,2018-06-15,1715.97,1714.0,1720.87,1708.52,4.78M,4780000,6,2018,8202336600.0,-0.0045365154688216105,No Change,1706.712857142858,2181.4622693872057,1231.9634448985105
343,2018-06-14,1723.86,1713.48,1724.8,1708.87,3.17M,3170000,6,2018,5464636200.0,0.004597982482211105,No Change,1708.4364285714294,2183.185840815777,1233.687016327082
344,2018-06-13,1704.86,1702.81,1713.75,1700.12,3.33M,3330000,6,2018,5677183800.0,-0.011021776710405716,No Change,1709.2150000000008,2183.9644122443483,1234.4655877556534
345,2018-06-12,1698.75,1693.0,1699.51,1691.52,2.26M,2260000,6,2018,3839175000.0,-0.0035838719894888404,No Change,1708.1414285714295,2182.890840815777,1233.392016327082
346,2018-06-11,1689.12,1681.51,1694.24,1680.59,2.34M,2340000,6,2018,3952540800.0,-0.005668874172185534,No Change,1707.3785714285725,2182.12798367292,1232.629159184225
347,2018-06-08,1683.99,1681.12,1689.44,1673.01,2.96M,2960000,6,2018,4984610400.0,-0.003037084398976875,No Change,1706.1314285714295,2180.880840815777,1231.382016327082
348,2018-06-07,1689.3,1698.56,1699.9,1676.11,3.77M,3770000,6,2018,6368661000.0,0.0031532253754475987,No Change,1708.1878571428583,2182.937269387206,1233.4384448985109
349,2018-06-06,1695.75,1704.51,1714.5,1686.47,5.47M,5470000,6,2018,9275752500.0,0.003818149529390968,No Change,1708.5207142857155,2183.270126530063,1233.771302041368
350,2018-06-05,1696.35,1672.99,1699.0,1670.06,4.78M,4780000,6,2018,8108553000.0,0.00035382574082265533,No Change,1710.8921428571437,2185.641555101491,1236.1427306127962
351,2018-06-04,1665.27,1648.9,1665.68,1645.49,3.19M,3190000,6,2018,5312211300.0,-0.018321690688831826,No Change,1707.2921428571437,2182.041555101491,1232.5427306127963
352,2018-06-01,1641.54,1637.03,1646.73,1635.09,3.31M,3310000,6,2018,5433497400.0,-0.014249941450935943,No Change,1700.9578571428578,2175.7072693872055,1226.2084448985104
353,2018-05-31,1629.62,1623.0,1635.0,1621.35,3.17M,3170000,5,2018,5165895400.0,-0.0072614739817489235,No Change,1692.3535714285722,2167.10298367292,1217.6041591842247
354,2018-05-30,1624.89,1618.1,1626.0,1612.93,2.91M,2910000,5,2018,4728429900.0,-0.0029025171512375714,No Change,1684.5042857142867,2159.2536979586343,1209.7548734699392
355,2018-05-29,1612.87,1600.71,1621.79,1600.15,3.85M,3850000,5,2018,6209549500.0,-0.007397423825612925,No Change,1676.5814285714293,2151.330840815777,1201.8320163270819
356,2018-05-25,1610.15,1603.0,1614.12,1600.45,2.70M,2700000,5,2018,4347405000.0,-0.0016864347405555202,No Change,1669.022857142858,2143.7722693872056,1194.2734448985104
357,2018-05-24,1603.07,1598.03,1608.24,1588.38,3.43M,3430000,5,2018,5498530100.0,-0.004397105859702655,No Change,1660.3950000000007,2135.144412244348,1185.6455877556532
358,2018-05-23,1601.86,1571.05,1601.86,1566.34,3.36M,3360000,5,2018,5382249600.0,-0.0007548017241917337,No Change,1653.0378571428578,2127.7872693872055,1178.2884448985103
359,2018-05-22,1581.4,1589.89,1589.89,1575.25,2.12M,2120000,5,2018,3352568000.0,-0.012772651792291369,No Change,1644.655714285715,2119.4051265300627,1169.9063020413676
360,2018-05-21,1585.46,1585.0,1592.05,1575.0,2.93M,2930000,5,2018,4645397800.0,0.00256734539016068,No Change,1637.2514285714294,2112.000840815777,1162.502016327082
361,2018-05-18,1574.37,1581.33,1583.59,1572.1,2.64M,2640000,5,2018,4156336800.0,-0.006994815384809504,No Change,1629.4214285714293,2104.170840815777,1154.6720163270818
362,2018-05-17,1581.76,1580.56,1594.04,1573.0,2.15M,2150000,5,2018,3400784000.0,0.00469394106849097,No Change,1621.7400000000005,2096.489412244348,1146.990587755653
363,2018-05-16,1587.28,1577.5,1594.43,1576.67,2.57M,2570000,5,2018,4079309600.0,0.003489783532267809,No Change,1613.9921428571433,2088.741555101491,1139.2427306127959
364,2018-05-15,1576.12,1587.81,1587.8,1565.22,5.08M,5080000,5,2018,8006689599.999998,-0.007030895620180444,No Change,1605.4042857142863,2080.153697958634,1130.6548734699388
365,2018-05-14,1601.54,1604.0,1611.18,1600.05,2.51M,2510000,5,2018,4019865400.0,0.01612821358779804,No Change,1600.8521428571435,2075.601555101491,1126.102730612796
366,2018-05-11,1602.91,1610.99,1611.1,1597.89,2.26M,2260000,5,2018,3622576600.0,0.0008554266518476794,No Change,1598.0928571428576,2072.8422693872053,1123.3434448985101
367,2018-05-10,1609.08,1608.47,1615.6,1603.44,2.82M,2820000,5,2018,4537605600.0,0.0038492491780572897,No Change,1596.6257142857146,2071.375126530062,1121.8763020413671
368,2018-05-09,1608.0,1600.0,1608.0,1592.0,3.64M,3640000,5,2018,5853120000.0,-0.0006711909911253366,No Change,1595.4192857142862,2070.168697958634,1120.6698734699387
369,2018-05-08,1592.39,1595.0,1596.88,1582.51,3.07M,3070000,5,2018,4888637300.0,-0.009707711442786038,No Change,1593.9564285714291,2068.705840815777,1119.2070163270816
370,2018-05-07,1600.14,1589.34,1606.95,1587.83,3.80M,3800000,5,2018,6080532000.0,0.004866898184489932,No Change,1593.241428571429,2067.9908408157767,1118.4920163270815
371,2018-05-04,1580.95,1562.45,1584.9,1562.19,3.44M,3440000,5,2018,5438468000.0,-0.011992700638694176,No Change,1591.661428571429,2066.4108408157767,1116.9120163270816
372,2018-05-03,1572.08,1560.01,1574.8,1546.02,4.25M,4250000,5,2018,6681340000.0,-0.005610550618299182,No Change,1589.534285714286,2064.2836979586336,1114.7848734699385
373,2018-05-02,1569.68,1580.98,1588.5,1566.36,4.36M,4360000,5,2018,6843804800.0,-0.001526639865655599,No Change,1588.697142857143,2063.4465551014905,1113.9477306127956
374,2018-05-01,1582.26,1563.22,1585.0,1552.18,4.57M,4570000,5,2018,7230928200.0,0.008014372356148991,No Change,1588.4685714285715,2063.217983672919,1113.719159184224
375,2018-04-30,1566.13,1582.5,1596.0,1560.94,5.46M,5460000,4,2018,8551069800.000002,-0.010194279069179468,No Change,1587.8800000000003,2062.629412244348,1113.1305877556529
376,2018-04-27,1572.62,1634.01,1638.1,1567.39,13.05M,13050000,4,2018,20522691000.0,0.004143972722570721,No Change,1587.2271428571432,2061.9765551014907,1112.4777306127958
377,2018-04-26,1517.96,1485.01,1529.42,1478.5,8.80M,8800000,4,2018,13358048000.0,-0.03475728402284073,No Change,1582.2757142857147,2057.025126530062,1107.5263020413672
378,2018-04-25,1460.17,1458.0,1469.99,1415.02,6.59M,6590000,4,2018,9622520300.0,-0.038070831905979034,No Change,1573.9935714285718,2048.7429836729193,1099.2441591842244
379,2018-04-24,1460.09,1535.8,1539.5,1448.45,7.49M,7490000,4,2018,10936074100.0,-5.478814110693176e-05,No Change,1563.8900000000006,2038.639412244348,1089.140587755653
380,2018-04-23,1517.86,1546.69,1548.0,1503.41,4.47M,4470000,4,2018,6784834200.0,0.03956605414734704,No Change,1557.8150000000005,2032.564412244348,1083.065587755653
381,2018-04-20,1527.49,1561.2,1561.2,1516.09,5.54M,5540000,4,2018,8462294600.0,0.006344458645725082,No Change,1551.9871428571435,2026.736555101491,1077.237730612796
382,2018-04-19,1556.91,1543.22,1568.52,1539.06,6.52M,6520000,4,2018,10151053200.0,0.01926035522327485,No Change,1548.3378571428577,2023.0872693872052,1073.5884448985103
383,2018-04-18,1527.84,1514.65,1533.8,1504.11,5.23M,5230000,4,2018,7990603200.0,-0.01867159951442288,No Change,1543.7271428571435,2018.476555101491,1068.977730612796
384,2018-04-17,1503.83,1462.3,1507.19,1457.02,5.11M,5110000,4,2018,7684571300.0,-0.015714996334694753,No Change,1536.847857142858,2011.5972693872054,1062.0984448985105
385,2018-04-16,1441.5,1445.0,1447.0,1427.48,2.81M,2810000,4,2018,4050615000.0,-0.04144750403968533,No Change,1526.8871428571435,2001.636555101491,1052.137730612796
386,2018-04-13,1430.79,1449.13,1459.78,1424.52,3.69M,3690000,4,2018,5279615100.0,-0.0074297606659730064,No Change,1516.7950000000008,1991.5444122443482,1042.0455877556533
387,2018-04-12,1448.5,1439.5,1452.12,1435.06,3.14M,3140000,4,2018,4548290000.0,0.012377777311834759,No Change,1508.1392857142866,1982.888697958634,1033.3898734699392
388,2018-04-11,1427.05,1439.44,1448.78,1424.89,3.58M,3580000,4,2018,5108839000.0,-0.014808422506040753,No Change,1497.052857142858,1971.8022693872056,1022.3034448985106
389,2018-04-10,1436.22,1431.99,1438.38,1415.7,4.28M,4280000,4,2018,6147021600.0,0.006425843523352404,No Change,1487.7735714285723,1962.5229836729197,1013.0241591842248
390,2018-04-09,1406.08,1425.03,1438.48,1402.57,4.21M,4210000,4,2018,5919596800.0,-0.020985642868084357,No Change,1475.877857142858,1950.6272693872054,1001.1284448985105
391,2018-04-06,1405.23,1429.97,1452.5,1400.26,5.88M,5880000,4,2018,8262752400.0,-0.0006045175238961197,No Change,1467.825714285715,1942.5751265300626,993.0763020413676
392,2018-04-05,1451.75,1441.99,1459.56,1427.07,6.41M,6410000,4,2018,9305717500.0,0.03310490097706431,No Change,1467.2242857142867,1941.9736979586341,992.4748734699392
393,2018-04-04,1410.57,1358.24,1415.39,1352.88,6.98M,6980000,4,2018,9845778600.0,-0.02836576545548475,No Change,1463.6871428571437,1938.4365551014912,988.9377306127963
394,2018-04-03,1392.05,1391.38,1414.0,1355.33,10.23M,10230000,4,2018,14240671500.0,-0.013129444125424494,No Change,1454.700714285715,1929.4501265300626,979.9513020413676
395,2018-04-02,1371.99,1417.62,1421.36,1355.0,10.46M,10460000,4,2018,14351015400.0,-0.014410401925218141,No Change,1443.5935714285722,1918.3429836729197,968.8441591842247
396,2018-03-29,1447.34,1406.0,1455.47,1365.2,12.58M,12580000,3,2018,18207537200.0,0.054920225366074105,No Change,1435.7671428571437,1910.5165551014911,961.0177306127962
397,2018-03-28,1431.42,1447.0,1455.9,1386.17,13.71M,13710000,3,2018,19624768200.0,-0.010999488717232886,No Change,1428.8800000000008,1903.6294122443483,954.1305877556533
398,2018-03-27,1497.05,1572.4,1575.96,1482.32,7.00M,7000000,3,2018,10479350000.0,0.04584957594556438,No Change,1428.3957142857148,1903.1451265300623,953.6463020413673
399,2018-03-26,1555.86,1530.0,1556.99,1499.25,5.62M,5620000,3,2018,8743933200.0,0.03928392505260336,No Change,1436.5642857142864,1911.3136979586338,961.8148734699389
400,2018-03-23,1495.56,1539.01,1549.02,1495.36,8.01M,8010000,3,2018,11979435600.0,-0.03875670047433566,No Change,1441.1907142857149,1915.9401265300623,966.4413020413674
401,2018-03-22,1544.92,1565.47,1573.85,1542.4,6.32M,6320000,3,2018,9763894400.0,0.03300435957099701,No Change,1448.077857142858,1922.8272693872054,973.3284448985105
402,2018-03-21,1581.86,1586.45,1590.0,1563.17,4.75M,4750000,3,2018,7513835000.0,0.02391062320379045,No Change,1459.1357142857153,1933.8851265300627,984.3863020413678
403,2018-03-20,1586.51,1550.34,1587.0,1545.41,4.58M,4580000,3,2018,7266215800.0,0.0029395774594465074,No Change,1469.870714285715,1944.6201265300624,995.1213020413675
404,2018-03-19,1544.93,1554.53,1561.66,1525.35,6.58M,6580000,3,2018,10165639400.0,-0.0262084701640708,No Change,1479.788571428572,1954.5379836729194,1005.0391591842244
405,2018-03-16,1571.68,1583.45,1589.44,1567.5,5.43M,5430000,3,2018,8534222400.0,0.017314700342410342,No Change,1491.6778571428579,1966.4272693872053,1016.9284448985104
406,2018-03-15,1582.32,1595.0,1596.91,1578.11,4.07M,4070000,3,2018,6440042400.0,0.006769825918762074,No Change,1501.0042857142864,1975.753697958634,1026.254873469939
407,2018-03-14,1591.0,1597.0,1606.44,1590.89,4.26M,4260000,3,2018,6777660000.0,0.0054856160574345844,No Change,1513.8921428571434,1988.641555101491,1039.142730612796
408,2018-03-13,1588.18,1615.96,1617.54,1578.01,6.53M,6530000,3,2018,10370815400.0,-0.0017724701445631652,No Change,1527.9014285714293,2002.6508408157767,1053.1520163270818
409,2018-03-12,1598.39,1592.6,1605.33,1586.7,5.17M,5170000,3,2018,8263676300.000002,0.0064287423339923775,No Change,1544.0728571428576,2018.822269387205,1069.3234448985102
410,2018-03-09,1578.89,1563.5,1578.94,1559.08,4.53M,4530000,3,2018,7152371700.0,-0.012199776024624742,No Change,1553.4692857142861,2028.2186979586336,1078.7198734699386
411,2018-03-08,1551.86,1550.0,1554.88,1545.25,3.86M,3860000,3,2018,5990179600.0,-0.01711962201293327,No Change,1562.0721428571435,2036.821555101491,1087.322730612796
412,2018-03-07,1545.0,1526.52,1545.9,1522.51,4.17M,4170000,3,2018,6442650000.0,-0.0044205018493935775,No Change,1565.4971428571437,2040.2465551014911,1090.7477306127962
413,2018-03-06,1537.64,1533.2,1542.13,1528.0,4.56M,4560000,3,2018,7011638400.0,-0.004763754045307378,No Change,1564.195714285715,2038.9451265300625,1089.4463020413675
414,2018-03-05,1523.61,1494.24,1525.38,1481.0,5.23M,5230000,3,2018,7968480299.999998,-0.00912437241486963,No Change,1566.1992857142864,2040.9486979586338,1091.449873469939
415,2018-03-02,1500.25,1469.1,1501.05,1455.01,6.59M,6590000,3,2018,9886647500.0,-0.015332007534736512,No Change,1563.0085714285722,2037.7579836729196,1088.2591591842247
416,2018-03-01,1493.45,1513.6,1518.49,1465.0,6.84M,6840000,3,2018,10215198000.0,-0.0045325779036826655,No Change,1556.693571428572,2031.4429836729196,1081.9441591842246
417,2018-02-28,1512.45,1519.51,1528.7,1512.0,4.52M,4520000,2,2018,6836274000.0,0.01272222036224857,No Change,1551.4035714285724,2026.1529836729198,1076.654159184225
418,2018-02-27,1511.98,1524.5,1526.78,1507.21,4.81M,4810000,2,2018,7272623800.0,-0.00031075407451486287,No Change,1549.0500000000009,2023.7994122443483,1074.3005877556534
419,2018-02-26,1521.95,1509.2,1522.84,1507.0,4.95M,4950000,2,2018,7533652500.0,0.006594002566171486,No Change,1545.497857142858,2020.2472693872055,1070.7484448985106
420,2018-02-23,1500.0,1495.34,1500.0,1486.5,4.42M,4420000,2,2018,6630000000.0,-0.014422287197345509,No Change,1539.617857142858,2014.3672693872054,1064.8684448985105
421,2018-02-22,1485.34,1495.36,1502.54,1475.76,4.86M,4860000,2,2018,7218752400.0,-0.009773333333333413,No Change,1532.0707142857152,2006.8201265300627,1057.3213020413677
422,2018-02-21,1482.92,1485.0,1503.49,1478.92,6.30M,6300000,2,2018,9342396000.0,-0.0016292566011820722,No Change,1524.5521428571435,1999.301555101491,1049.802730612796
423,2018-02-20,1468.35,1446.49,1488.77,1446.49,6.50M,6500000,2,2018,9544275000.0,-0.009825209721360695,No Change,1515.263571428572,1990.0129836729195,1040.5141591842246
424,2018-02-16,1448.69,1457.37,1465.8,1446.56,4.47M,4470000,2,2018,6475644300.0,-0.013389178329417328,No Change,1505.963571428572,1980.7129836729196,1031.2141591842246
425,2018-02-15,1461.76,1466.89,1468.94,1436.84,5.65M,5650000,2,2018,8258944000.0,0.00902194396316669,No Change,1499.5278571428576,1974.277269387205,1024.77844489851
426,2018-02-14,1451.05,1406.25,1452.06,1403.36,5.96M,5960000,2,2018,8648258000.0,-0.0073267841506129425,No Change,1492.8171428571434,1967.5665551014908,1018.0677306127959
427,2018-02-13,1414.51,1385.93,1419.72,1383.53,5.92M,5920000,2,2018,8373899200.0,-0.025181764928844608,No Change,1484.0221428571433,1958.7715551014908,1009.2727306127958
428,2018-02-12,1386.23,1364.67,1393.81,1344.01,6.74M,6740000,2,2018,9343190200.0,-0.019992789022346916,No Change,1474.209285714286,1948.9586979586334,999.4598734699384
429,2018-02-09,1339.6,1373.49,1383.5,1265.93,14.14M,14140000,2,2018,18941944000.0,-0.03363799658065403,No Change,1462.734285714286,1937.4836979586335,987.9848734699385
430,2018-02-08,1350.5,1429.67,1433.75,1349.94,8.58M,8580000,2,2018,11587290000.0,0.00813675724096763,No Change,1452.5235714285716,1927.272983672919,977.7741591842241
431,2018-02-07,1416.78,1449.0,1460.99,1415.15,7.16M,7160000,2,2018,10144144800.0,0.04907811921510552,No Change,1445.69,1920.4394122443475,970.9405877556526
432,2018-02-06,1442.84,1361.46,1443.99,1351.79,11.07M,11070000,2,2018,15972238800.0,0.018393822611838084,No Change,1440.7514285714285,1915.500840815776,966.002016327081
433,2018-02-05,1390.0,1402.62,1458.98,1320.72,11.49M,11490000,2,2018,15971100000.0,-0.03662221729367077,No Change,1431.3264285714286,1906.075840815776,956.5770163270811
434,2018-02-02,1429.95,1477.39,1498.0,1414.0,11.13M,11130000,2,2018,15915343500.0,0.02874100719424466,No Change,1426.3228571428572,1901.0722693872046,951.5734448985097
435,2018-02-01,1390.0,1445.0,1459.88,1385.14,9.11M,9110000,2,2018,12662900000.0,-0.027938039791601144,No Change,1419.5128571428572,1894.2622693872047,944.7634448985098
436,2018-01-31,1450.89,1451.3,1472.58,1450.04,6.42M,6420000,1,2018,9314713800.0,0.04380575539568343,No Change,1417.2250000000001,1891.9744122443476,942.4755877556527
437,2018-01-30,1437.82,1403.17,1439.25,1392.0,5.87M,5870000,1,2018,8440003400.0,-0.009008263893196757,No Change,1415.044285714286,1889.7936979586334,940.2948734699385
438,2018-01-29,1417.68,1409.18,1431.39,1400.44,5.70M,5700000,1,2018,8080776000.0,-0.014007316632123512,No Change,1412.829285714286,1887.5786979586335,938.0798734699385
439,2018-01-26,1402.05,1392.01,1402.53,1380.91,4.86M,4860000,1,2018,6813963000.0,-0.011025055019468488,No Change,1408.5642857142861,1883.3136979586336,933.8148734699387
440,2018-01-25,1377.95,1368.0,1378.34,1357.62,4.75M,4750000,1,2018,6545262500.0,-0.017189115937377375,No Change,1403.3428571428576,1878.092269387205,928.5934448985101
441,2018-01-24,1357.51,1374.82,1388.16,1338.0,6.81M,6810000,1,2018,9244643100.0,-0.014833629667259318,No Change,1399.271428571429,1874.0208408157764,924.5220163270815
442,2018-01-23,1362.54,1338.09,1364.9,1337.34,5.17M,5170000,1,2018,7044331800.0,0.0037053134046893814,No Change,1397.5792857142862,1872.3286979586337,922.8298734699388
443,2018-01-22,1327.31,1297.17,1327.45,1296.66,4.14M,4139999,1,2018,5495062072.69,-0.02585612165514406,No Change,1396.7014285714292,1871.4508408157767,921.9520163270818
444,2018-01-19,1294.58,1312.0,1313.0,1292.99,4.58M,4580000,1,2018,5929176400.0,-0.024658896565233457,No Change,1392.7071428571435,1867.456555101491,917.957730612796
445,2018-01-18,1293.32,1293.95,1304.6,1284.02,4.03M,4030000,1,2018,5212079600.0,-0.0009732886341515813,No Change,1383.888571428572,1858.6379836729195,909.1391591842246
446,2018-01-17,1295.0,1312.24,1314.0,1280.88,5.25M,5250000,1,2018,6798750000.0,0.0012989824637368306,No Change,1373.328571428572,1848.0779836729196,898.5791591842246
447,2018-01-16,1304.86,1323.0,1339.94,1292.3,7.22M,7220000,1,2018,9421089200.0,0.0076138996138994655,No Change,1367.2471428571437,1841.9965551014911,892.4977306127962
448,2018-01-12,1305.2,1273.39,1305.76,1273.39,5.44M,5440000,1,2018,7100288000.0,0.0002605643517312739,No Change,1358.3364285714292,1833.0858408157767,883.5870163270818
449,2018-01-11,1276.68,1259.74,1276.77,1256.46,3.13M,3130000,1,2018,3996008400.0,-0.021851057309224653,No Change,1350.2421428571436,1824.991555101491,875.4927306127961
450,2018-01-10,1254.33,1245.15,1254.33,1237.23,2.69M,2690000,1,2018,3374147700.0,-0.017506344581257768,No Change,1336.2021428571436,1810.951555101491,861.4527306127961
451,2018-01-09,1252.7,1256.9,1259.33,1241.76,3.66M,3660000,1,2018,4584882000.0,-0.001299498537067456,No Change,1322.9792857142863,1797.7286979586338,848.2298734699389
452,2018-01-08,1246.87,1236.0,1253.08,1232.03,4.28M,4280000,1,2018,5336603600.0,-0.004653947473457487,No Change,1310.7785714285721,1785.5279836729196,836.0291591842247
453,2018-01-05,1229.14,1217.51,1229.14,1210.0,3.54M,3540000,1,2018,4351155600.0,-0.014219605893156297,No Change,1298.4278571428579,1773.1772693872053,823.6784448985104
454,2018-01-04,1209.59,1205.0,1215.87,1204.66,3.02M,3020000,1,2018,3652961800.0,-0.0159054298127147,No Change,1286.4021428571434,1761.1515551014909,811.652730612796
455,2018-01-03,1204.2,1188.3,1205.49,1188.3,3.11M,3110000,1,2018,3745062000.0,-0.004456055357600408,No Change,1275.4514285714292,1750.2008408157767,800.7020163270818
456,2018-01-02,1189.01,1172.0,1190.0,1170.51,2.69M,2690000,1,2018,3198436900.0,-0.012614183690416891,No Change,1263.0564285714293,1737.8058408157767,788.3070163270818
457,2017-12-29,1169.47,1182.35,1184.0,1167.5,2.69M,2690000,12,2017,3145874300.0,-0.01643383991724201,No Change,1251.7821428571435,1726.531555101491,777.0327306127961
458,2017-12-28,1186.1,1189.0,1190.1,1184.38,1.84M,1840000,12,2017,2182424000.0,0.014220116805048422,No Change,1244.033571428572,1718.7829836729195,769.2841591842246
459,2017-12-27,1182.26,1179.91,1187.29,1175.61,1.87M,1870000,12,2017,2210826200.0,-0.0032375010538739928,No Change,1236.1007142857147,1710.8501265300622,761.3513020413673
460,2017-12-26,1176.76,1168.36,1178.32,1160.55,2.01M,2009999,12,2017,2365286423.24,-0.004652106981543835,No Change,1227.6550000000004,1702.404412244348,752.905587755653
461,2017-12-22,1168.36,1172.08,1174.62,1167.83,1.59M,1590000,12,2017,1857692400.0,-0.007138243991978044,No Change,1217.9050000000004,1692.654412244348,743.155587755653
462,2017-12-21,1174.76,1175.9,1179.17,1167.64,2.12M,2120000,12,2017,2490491200.0,0.005477763702968375,No Change,1208.5878571428573,1683.3372693872047,733.8384448985098
463,2017-12-20,1177.62,1190.5,1191.0,1176.0,2.37M,2370000,12,2017,2790959399.9999995,0.002434539820899584,No Change,1201.512142857143,1676.2615551014906,726.7627306127956
464,2017-12-19,1187.38,1189.15,1192.97,1179.14,2.59M,2590000,12,2017,3075314200.0000005,0.008287902719043672,No Change,1196.73,1671.4794122443475,721.9805877556526
465,2017-12-18,1190.58,1187.37,1194.78,1180.91,2.95M,2950000,12,2017,3512211000.0,0.0026950091798749747,No Change,1192.2928571428572,1667.0422693872047,717.5434448985097
466,2017-12-15,1179.14,1179.03,1182.75,1169.33,4.78M,4780000,12,2017,5636289200.000001,-0.009608762115943305,No Change,1187.4550000000002,1662.2044122443476,712.7055877556527
467,2017-12-14,1174.26,1163.71,1177.93,1162.45,3.21M,3210000,12,2017,3769374600.0,-0.004138609495055845,No Change,1183.535,1658.2844122443475,708.7855877556526
468,2017-12-13,1164.13,1170.0,1170.87,1160.27,2.62M,2620000,12,2017,3050020600.0000005,-0.008626709587314485,No Change,1180.2878571428573,1655.0372693872048,705.5384448985099
469,2017-12-12,1165.08,1166.51,1173.6,1161.61,2.24M,2240000,12,2017,2609779200.0,0.0008160600620203963,No Change,1177.4935714285714,1652.2429836729189,702.7441591842239
470,2017-12-11,1168.92,1164.6,1169.9,1157.0,2.36M,2360000,12,2017,2758651200.0,0.003295911010402941,No Change,1176.0585714285717,1650.8079836729191,701.3091591842242
471,2017-12-08,1162.0,1170.4,1172.79,1157.1,3.05M,3050000,12,2017,3544100000.0,-0.0059199945248605826,No Change,1175.525,1650.2744122443476,700.7755877556526
472,2017-12-07,1159.79,1156.59,1163.19,1151.0,2.51M,2510000,12,2017,2911072900.0,-0.0019018932874355079,No Change,1173.6457142857146,1648.395126530062,698.8963020413671
473,2017-12-06,1152.35,1137.99,1155.89,1136.08,2.85M,2850000,12,2017,3284197499.9999995,-0.006414954431405717,No Change,1171.509285714286,1646.2586979586335,696.7598734699386
474,2017-12-05,1141.57,1128.26,1159.27,1124.74,4.08M,4080000,12,2017,4657605600.0,-0.009354796719746594,No Change,1168.9957142857145,1643.745126530062,694.246302041367
475,2017-12-04,1133.95,1173.85,1175.2,1128.0,5.93M,5930000,12,2017,6724323500.0,-0.0066750177387281395,No Change,1166.5378571428573,1641.2872693872048,691.7884448985099
476,2017-12-01,1162.35,1172.05,1179.65,1152.0,4.11M,4110000,12,2017,4777258500.0,0.025045195996296062,No Change,1165.6514285714286,1640.400840815776,690.9020163270811
477,2017-11-30,1176.75,1167.1,1178.57,1160.0,4.51M,4510000,11,2017,5307142500.0,0.012388695315524556,No Change,1165.589285714286,1640.3386979586335,690.8398734699385
478,2017-11-29,1161.27,1194.8,1194.8,1145.19,9.26M,9260000,11,2017,10753360200.0,-0.013154875717017234,No Change,1163.724285714286,1638.4736979586335,688.9748734699385
479,2017-11-28,1193.6,1204.88,1205.34,1188.52,4.56M,4560000,11,2017,5442816000.0,0.027840209425887164,No Change,1163.94,1638.6894122443475,689.1905877556526
480,2017-11-27,1195.83,1202.66,1213.41,1191.15,6.74M,6740000,11,2017,8059894199.999998,0.0018682975871313625,No Change,1165.132142857143,1639.8815551014904,690.3827306127955
481,2017-11-24,1186.0,1160.7,1186.84,1160.7,3.53M,3530000,11,2017,4186580000.0,-0.008220231972771995,No Change,1165.9707142857144,1640.7201265300619,691.2213020413669
482,2017-11-22,1156.16,1141.0,1160.27,1141.0,3.56M,3560000,11,2017,4115929600.000001,-0.025160202360876797,No Change,1165.4014285714288,1640.1508408157763,690.6520163270814
483,2017-11-21,1139.49,1132.86,1140.0,1128.2,2.48M,2480000,11,2017,2825935200.0,-0.014418419595903731,No Change,1163.5735714285718,1638.3229836729192,688.8241591842243
484,2017-11-20,1126.31,1129.77,1133.42,1122.55,2.16M,2160000,11,2017,2432829600.0,-0.011566578030522523,No Change,1160.5300000000002,1635.2794122443477,685.7805877556527
485,2017-11-17,1129.88,1138.28,1138.8,1125.81,2.41M,2410000,11,2017,2723010800.0000005,0.003169642460779221,No Change,1158.2357142857145,1632.985126530062,683.486302041367
486,2017-11-16,1137.29,1130.16,1138.16,1130.05,2.21M,2210000,11,2017,2513410900.0,0.006558218571883545,No Change,1156.6285714285716,1631.377983672919,681.8791591842241
487,2017-11-15,1126.69,1127.01,1131.75,1121.63,3.93M,3930000,11,2017,4427891700.0,-0.009320402008282769,No Change,1154.7957142857144,1629.545126530062,680.046302041367
488,2017-11-14,1136.84,1130.11,1138.0,1123.89,3.14M,3140000,11,2017,3569677599.999999,0.0090086891691592,No Change,1154.4578571428572,1629.2072693872046,679.7084448985097
489,2017-11-13,1129.17,1123.0,1139.9,1122.34,2.92M,2920000,11,2017,3297176400.0,-0.006746771753280867,No Change,1154.1164285714287,1628.8658408157762,679.3670163270813
490,2017-11-10,1125.35,1126.1,1131.75,1124.06,2.18M,2180000,11,2017,2453263000.0,-0.0033830158434957625,No Change,1151.4735714285714,1626.2229836729189,676.7241591842239
491,2017-11-09,1129.13,1125.96,1129.62,1115.77,3.73M,3730000,11,2017,4211654900.000001,0.003358954991780516,No Change,1148.0721428571428,1622.8215551014903,673.3227306127953
492,2017-11-08,1132.88,1122.82,1135.54,1119.11,2.58M,2580000,11,2017,2922830400.0000005,0.003321141055502963,No Change,1146.0442857142857,1620.7936979586332,671.2948734699382
493,2017-11-07,1123.17,1124.74,1130.6,1117.5,2.69M,2690000,11,2017,3021327300.0,-0.008571075489019142,No Change,1141.0135714285714,1615.7629836729188,666.2641591842239
494,2017-11-06,1120.66,1109.15,1125.41,1108.77,3.38M,3380000,11,2017,3787830800.000001,-0.00223474629842324,No Change,1135.6442857142858,1610.3936979586333,660.8948734699384
495,2017-11-03,1111.6,1091.15,1112.68,1088.52,3.75M,3750000,11,2017,4168500000.0,-0.008084521621187668,No Change,1130.3300000000002,1605.0794122443476,655.5805877556527
496,2017-11-02,1094.22,1097.81,1101.93,1086.87,3.68M,3680000,11,2017,4026729600.0,-0.015635120546959258,No Change,1125.9057142857146,1600.655126530062,651.1563020413671
497,2017-11-01,1103.68,1105.4,1108.97,1096.74,3.76M,3760000,11,2017,4149836800.000001,0.008645427793313898,No Change,1123.3478571428575,1598.097269387205,648.59844489851
498,2017-10-31,1105.28,1109.0,1110.54,1101.12,3.48M,3480000,10,2017,3846374400.0,0.0014496955639315967,No Change,1121.8457142857146,1596.595126530062,647.0963020413672
499,2017-10-30,1110.85,1095.01,1122.79,1093.56,6.61M,6610000,10,2017,7342718499.999998,0.005039447017950227,No Change,1120.4864285714289,1595.2358408157763,645.7370163270814
500,2017-10-27,1100.95,1058.14,1105.58,1050.55,16.57M,16570000,10,2017,18242741500.0,-0.00891209434217033,No Change,1117.8907142857147,1592.6401265300622,643.1413020413672
501,2017-10-26,972.43,980.33,982.9,968.55,5.62M,5620000,10,2017,5465056600.0,-0.116735546573414,No Change,1106.8721428571432,1581.6215551014907,632.1227306127957
502,2017-10-25,972.91,978.0,984.44,966.24,3.03M,3030000,10,2017,2947917300.0,0.0004936087944633627,No Change,1095.1628571428575,1569.912269387205,620.4134448985101
